ItemId,ImageURL,Title,OriginalPrice,SalePrice,Discount,Rating,Orders,BuyLink,CouponCode,Opening,VideoURL,PostText
1000000,https://ae-pic-a1.aliexpress-media.com/kf/Sf27e69397e964fc2ae86df098f208f6dS.jpg,ğŸ›’ Cordless Digital Aquarium Thermometer LED Display Electronic Fish Tank Water Temperature Measurement Control Temp Meter Gauge,22.8,22.39,1%,96%,730,https://s.click.aliexpress.com/e/_oCqOmKr,,ğŸŒŸ ××œ ×ª×¤×¡×¤×¡×• ××ª ×–×”! ğŸŒŸ,,"ğŸŒŸ ××œ ×ª×¤×¡×¤×¡×• ××ª ×–×”! ğŸŒŸ

ğŸ›’ ğŸ›’ Cordless Digital Aquarium Thermometer LED Display Electronic Fish Tank Water Temperature Measurement Control Temp Meter Gauge

âœ¨ × ×•×— ×‘××™×•×—×“ ×œ×©×™××•×© ×™×•××™×•××™
ğŸ”§ ××™×›×•×ª ×’×‘×•×”×” ×•×¢××™×“×•×ª ×œ××•×¨×š ×–××Ÿ
ğŸ¨ ××’×™×¢ ×‘××‘×—×¨ ×’×¨×¡××•×ª â€“ ×‘×“×§×• ×‘×§×™×©×•×¨!

ğŸ’° ××—×™×¨ ××‘×¦×¢: 22.39 ×©""×— (××—×™×¨ ××§×•×¨×™: 22.8 ×©""×—)
ğŸ’¸ ×—×™×¡×›×•×Ÿ ×©×œ 1%!
â­ ×“×™×¨×•×’: 96%
ğŸ“¦ 730 ×”×–×× ×•×ª
ğŸšš ××©×œ×•×— ×—×™× × ××¢×œ 38 ×©""×— ××• 7.49 ×©""×—



ğŸ‘‡ğŸ›×”×–××™× ×• ×¢×›×©×™×•ğŸ›ğŸ‘‡
https://s.click.aliexpress.com/e/_oCqOmKr
×œ×”×¦×˜×¨×¤×•×ª ×œ×¢×¨×•×¥ ×œ×—×¦×• ×¢×œ×™×™ğŸ‘‡ğŸ›ğŸ‘‡
https://t.me/+LlMY8B9soOdhNmZk
××¡×¤×¨ ×¤×¨×™×˜: 1000000"
1000001,https://ae-pic-a1.aliexpress-media.com/kf/Sdc4af6d0111640f6bc43ff630ef759bbN.jpg,ğŸ›’ TUYA smartlife 1- 63A TOMZN 1P+N WIFI Smart Switch Energy Meter Kwh Metering Monitoring Circuit Breaker Timer Relay MCB,45.64,45.64,0%,96%,1043,https://s.click.aliexpress.com/e/_opXUyKP,,ğŸ”¥ ×—×™×™×‘×™× ×œ×¨××•×ª ××ª ×–×”! ğŸ”¥,,"ğŸ”¥ ×—×™×™×‘×™× ×œ×¨××•×ª ××ª ×–×”! ğŸ”¥

ğŸ›’ ğŸ›’ TUYA smartlife 1- 63A TOMZN 1P+N WIFI Smart Switch Energy Meter Kwh Metering Monitoring Circuit Breaker Timer Relay MCB

âœ¨ × ×•×— ×‘××™×•×—×“ ×œ×©×™××•×© ×™×•××™×•××™
ğŸ”§ ××™×›×•×ª ×’×‘×•×”×” ×•×¢××™×“×•×ª ×œ××•×¨×š ×–××Ÿ
ğŸ¨ ××’×™×¢ ×‘××‘×—×¨ ×’×¨×¡××•×ª â€“ ×‘×“×§×• ×‘×§×™×©×•×¨!

ğŸ’° ××—×™×¨ ××‘×¦×¢: 45.64 ×©""×— (××—×™×¨ ××§×•×¨×™: 45.64 ×©""×—)

â­ ×“×™×¨×•×’: 96%
ğŸ“¦ 1043 ×”×–×× ×•×ª
ğŸšš ××©×œ×•×— ×—×™× × ××¢×œ 38 ×©""×— ××• 7.49 ×©""×—



ğŸ‘‡ğŸ›×”×–××™× ×• ×¢×›×©×™×•ğŸ›ğŸ‘‡
https://s.click.aliexpress.com/e/_opXUyKP
×œ×”×¦×˜×¨×¤×•×ª ×œ×¢×¨×•×¥ ×œ×—×¦×• ×¢×œ×™×™ğŸ‘‡ğŸ›ğŸ‘‡
https://t.me/+LlMY8B9soOdhNmZk
××¡×¤×¨ ×¤×¨×™×˜: 1000001"
1000002,https://ae-pic-a1.aliexpress-media.com/kf/S63dab1a6d7124cfd851c02fb72941febt.jpg,"ğŸ›’ Safety shoes for men and women, breathable work sports shoes, steel toe shoes, puncture resistant safety protection shoes",194.75,77.71,60%,94%,1027,https://s.click.aliexpress.com/e/_okYgnYP,,ğŸŒŸ ××œ ×ª×¤×¡×¤×¡×• ××ª ×–×”! ğŸŒŸ,,"ğŸŒŸ ××œ ×ª×¤×¡×¤×¡×• ××ª ×–×”! ğŸŒŸ

ğŸ›’ ğŸ›’ Safety shoes for men and women, breathable work sports shoes, steel toe shoes, puncture resistant safety protection shoes

âœ¨ × ×•×— ×‘××™×•×—×“ ×œ×©×™××•×© ×™×•××™×•××™
ğŸ”§ ××™×›×•×ª ×’×‘×•×”×” ×•×¢××™×“×•×ª ×œ××•×¨×š ×–××Ÿ
ğŸ¨ ××’×™×¢ ×‘××‘×—×¨ ×’×¨×¡××•×ª â€“ ×‘×“×§×• ×‘×§×™×©×•×¨!

ğŸ’° ××—×™×¨ ××‘×¦×¢: 77.71 ×©""×— (××—×™×¨ ××§×•×¨×™: 194.75 ×©""×—)
ğŸ’¸ ×—×™×¡×›×•×Ÿ ×©×œ 60%!
â­ ×“×™×¨×•×’: 94%
ğŸ“¦ 1027 ×”×–×× ×•×ª
ğŸšš ××©×œ×•×— ×—×™× × ××¢×œ 38 ×©""×— ××• 7.49 ×©""×—



ğŸ‘‡ğŸ›×”×–××™× ×• ×¢×›×©×™×•ğŸ›ğŸ‘‡
https://s.click.aliexpress.com/e/_okYgnYP
×œ×”×¦×˜×¨×¤×•×ª ×œ×¢×¨×•×¥ ×œ×—×¦×• ×¢×œ×™×™ğŸ‘‡ğŸ›ğŸ‘‡
https://t.me/+LlMY8B9soOdhNmZk
××¡×¤×¨ ×¤×¨×™×˜: 1000002"
1000003,https://ae-pic-a1.aliexpress-media.com/kf/S39ddd8af9fcc4ab5989beee57bc39ba58.jpg,ğŸ›’ 5pcs Colorful Butterfly Lights Braids Wig Women Party Hair Accessories Random Color,19.32,9.66,50%,95%,9152,https://s.click.aliexpress.com/e/_oEaJZF5,,ğŸ”¥ ×—×™×™×‘×™× ×œ×¨××•×ª ××ª ×–×”! ğŸ”¥,,"ğŸ”¥ ×—×™×™×‘×™× ×œ×¨××•×ª ××ª ×–×”! ğŸ”¥

ğŸ›’ ğŸ›’ 5pcs Colorful Butterfly Lights Braids Wig Women Party Hair Accessories Random Color

âœ¨ × ×•×— ×‘××™×•×—×“ ×œ×©×™××•×© ×™×•××™×•××™
ğŸ”§ ××™×›×•×ª ×’×‘×•×”×” ×•×¢××™×“×•×ª ×œ××•×¨×š ×–××Ÿ
ğŸ¨ ××’×™×¢ ×‘××‘×—×¨ ×’×¨×¡××•×ª â€“ ×‘×“×§×• ×‘×§×™×©×•×¨!

ğŸ’° ××—×™×¨ ××‘×¦×¢: 9.66 ×©""×— (××—×™×¨ ××§×•×¨×™: 19.32 ×©""×—)
ğŸ’¸ ×—×™×¡×›×•×Ÿ ×©×œ 50%!
â­ ×“×™×¨×•×’: 95%
ğŸ“¦ 9152 ×”×–×× ×•×ª
ğŸšš ××©×œ×•×— ×—×™× × ××¢×œ 38 ×©""×— ××• 7.49 ×©""×—



ğŸ‘‡ğŸ›×”×–××™× ×• ×¢×›×©×™×•ğŸ›ğŸ‘‡
https://s.click.aliexpress.com/e/_oEaJZF5
×œ×”×¦×˜×¨×¤×•×ª ×œ×¢×¨×•×¥ ×œ×—×¦×• ×¢×œ×™×™ğŸ‘‡ğŸ›ğŸ‘‡
https://t.me/+LlMY8B9soOdhNmZk
××¡×¤×¨ ×¤×¨×™×˜: 1000003"
1000004,https://ae-pic-a1.aliexpress-media.com/kf/Sd1b4d865c30041619e5679fd36416994K.jpg,ğŸ›’ YRZL Men Shoes Spring Autumn Waterproof Walking Sneakers Leisure Male Leather Sports Shoes Non-Slip Footwear Tennis for Men,130.93,56.24,57%,88%,928,https://s.click.aliexpress.com/e/_oB1GHKL,,ğŸŒŸ ××œ ×ª×¤×¡×¤×¡×• ××ª ×–×”! ğŸŒŸ,,"ğŸŒŸ ××œ ×ª×¤×¡×¤×¡×• ××ª ×–×”! ğŸŒŸ

ğŸ›’ ğŸ›’ YRZL Men Shoes Spring Autumn Waterproof Walking Sneakers Leisure Male Leather Sports Shoes Non-Slip Footwear Tennis for Men

âœ¨ × ×•×— ×‘××™×•×—×“ ×œ×©×™××•×© ×™×•××™×•××™
ğŸ”§ ××™×›×•×ª ×’×‘×•×”×” ×•×¢××™×“×•×ª ×œ××•×¨×š ×–××Ÿ
ğŸ¨ ××’×™×¢ ×‘××‘×—×¨ ×’×¨×¡××•×ª â€“ ×‘×“×§×• ×‘×§×™×©×•×¨!

ğŸ’° ××—×™×¨ ××‘×¦×¢: 56.24 ×©""×— (××—×™×¨ ××§×•×¨×™: 130.93 ×©""×—)
ğŸ’¸ ×—×™×¡×›×•×Ÿ ×©×œ 57%!
â­ ×“×™×¨×•×’: 88%
ğŸ“¦ 928 ×”×–×× ×•×ª
ğŸšš ××©×œ×•×— ×—×™× × ××¢×œ 38 ×©""×— ××• 7.49 ×©""×—



ğŸ‘‡ğŸ›×”×–××™× ×• ×¢×›×©×™×•ğŸ›ğŸ‘‡
https://s.click.aliexpress.com/e/_oB1GHKL
×œ×”×¦×˜×¨×¤×•×ª ×œ×¢×¨×•×¥ ×œ×—×¦×• ×¢×œ×™×™ğŸ‘‡ğŸ›ğŸ‘‡
https://t.me/+LlMY8B9soOdhNmZk
××¡×¤×¨ ×¤×¨×™×˜: 1000004"
1000005,https://ae-pic-a1.aliexpress-media.com/kf/S0d7c69f54b484381816684f4fd90571fC.jpg,ğŸ›’ 1PC Customized custom custom photo plush pillow personalized pet picture cushion - the best gift choice,55.7,27.85,50%,95%,398,https://s.click.aliexpress.com/e/_omqTpr9,,ğŸ”¥ ×—×™×™×‘×™× ×œ×¨××•×ª ××ª ×–×”! ğŸ”¥,,"ğŸ”¥ ×—×™×™×‘×™× ×œ×¨××•×ª ××ª ×–×”! ğŸ”¥

ğŸ›’ ğŸ›’ 1PC Customized custom custom photo plush pillow personalized pet picture cushion - the best gift choice

âœ¨ × ×•×— ×‘××™×•×—×“ ×œ×©×™××•×© ×™×•××™×•××™
ğŸ”§ ××™×›×•×ª ×’×‘×•×”×” ×•×¢××™×“×•×ª ×œ××•×¨×š ×–××Ÿ
ğŸ¨ ××’×™×¢ ×‘××‘×—×¨ ×’×¨×¡××•×ª â€“ ×‘×“×§×• ×‘×§×™×©×•×¨!

ğŸ’° ××—×™×¨ ××‘×¦×¢: 27.85 ×©""×— (××—×™×¨ ××§×•×¨×™: 55.7 ×©""×—)
ğŸ’¸ ×—×™×¡×›×•×Ÿ ×©×œ 50%!
â­ ×“×™×¨×•×’: 95%
ğŸ“¦ 398 ×”×–×× ×•×ª
ğŸšš ××©×œ×•×— ×—×™× × ××¢×œ 38 ×©""×— ××• 7.49 ×©""×—



ğŸ‘‡ğŸ›×”×–××™× ×• ×¢×›×©×™×•ğŸ›ğŸ‘‡
https://s.click.aliexpress.com/e/_omqTpr9
×œ×”×¦×˜×¨×¤×•×ª ×œ×¢×¨×•×¥ ×œ×—×¦×• ×¢×œ×™×™ğŸ‘‡ğŸ›ğŸ‘‡
https://t.me/+LlMY8B9soOdhNmZk
××¡×¤×¨ ×¤×¨×™×˜: 1000005"
1000006,https://ae-pic-a1.aliexpress-media.com/kf/Se5ccd7975162446698858e7ad25a93dfd.png,ğŸ›’ Foldable Gripper Extender Hand Tools Litter Reachers Picker Portable Collapsible Garbage Grabber Pick Up Tools with Non-Slip Jaw,120.0,37.13,69%,99%,1024,https://s.click.aliexpress.com/e/_ok8Shht,,ğŸŒŸ ××œ ×ª×¤×¡×¤×¡×• ××ª ×–×”! ğŸŒŸ,https://video.aliexpress-media.com/play/u/ae_sg_item/2672424327/p/1/e/6/t/10301/1100201292653.mp4,"ğŸŒŸ ××œ ×ª×¤×¡×¤×¡×• ××ª ×–×”! ğŸŒŸ

ğŸ›’ ğŸ›’ Foldable Gripper Extender Hand Tools Litter Reachers Picker Portable Collapsible Garbage Grabber Pick Up Tools with Non-Slip Jaw

âœ¨ × ×•×— ×‘××™×•×—×“ ×œ×©×™××•×© ×™×•××™×•××™
ğŸ”§ ××™×›×•×ª ×’×‘×•×”×” ×•×¢××™×“×•×ª ×œ××•×¨×š ×–××Ÿ
ğŸ¨ ××’×™×¢ ×‘××‘×—×¨ ×’×¨×¡××•×ª â€“ ×‘×“×§×• ×‘×§×™×©×•×¨!

ğŸ’° ××—×™×¨ ××‘×¦×¢: 37.13 ×©""×— (××—×™×¨ ××§×•×¨×™: 120.0 ×©""×—)
ğŸ’¸ ×—×™×¡×›×•×Ÿ ×©×œ 69%!
â­ ×“×™×¨×•×’: 99%
ğŸ“¦ 1024 ×”×–×× ×•×ª
ğŸšš ××©×œ×•×— ×—×™× × ××¢×œ 38 ×©""×— ××• 7.49 ×©""×—



ğŸ‘‡ğŸ›×”×–××™× ×• ×¢×›×©×™×•ğŸ›ğŸ‘‡
https://s.click.aliexpress.com/e/_ok8Shht
×œ×”×¦×˜×¨×¤×•×ª ×œ×¢×¨×•×¥ ×œ×—×¦×• ×¢×œ×™×™ğŸ‘‡ğŸ›ğŸ‘‡
https://t.me/+LlMY8B9soOdhNmZk
××¡×¤×¨ ×¤×¨×™×˜: 1000006"
1000007,https://ae-pic-a1.aliexpress-media.com/kf/Scdf07757f85c4dd78ab1c47bb8828c3aG.jpg,ğŸ›’ HTB-GS-03 Gigabit Fiber Optical Media Converter 10/100/1000Mbps Single Mode to RJ45 3KM/20KM UPC/APC SC-Port US Power Supply,78.16,27.35,65%,94%,272,https://s.click.aliexpress.com/e/_on8tDGJ,,ğŸ”¥ ×—×™×™×‘×™× ×œ×¨××•×ª ××ª ×–×”! ğŸ”¥,,"ğŸ”¥ ×—×™×™×‘×™× ×œ×¨××•×ª ××ª ×–×”! ğŸ”¥

ğŸ›’ ğŸ›’ HTB-GS-03 Gigabit Fiber Optical Media Converter 10/100/1000Mbps Single Mode to RJ45 3KM/20KM UPC/APC SC-Port US Power Supply

âœ¨ × ×•×— ×‘××™×•×—×“ ×œ×©×™××•×© ×™×•××™×•××™
ğŸ”§ ××™×›×•×ª ×’×‘×•×”×” ×•×¢××™×“×•×ª ×œ××•×¨×š ×–××Ÿ
ğŸ¨ ××’×™×¢ ×‘××‘×—×¨ ×’×¨×¡××•×ª â€“ ×‘×“×§×• ×‘×§×™×©×•×¨!

ğŸ’° ××—×™×¨ ××‘×¦×¢: 27.35 ×©""×— (××—×™×¨ ××§×•×¨×™: 78.16 ×©""×—)
ğŸ’¸ ×—×™×¡×›×•×Ÿ ×©×œ 65%!
â­ ×“×™×¨×•×’: 94%
ğŸ“¦ 272 ×”×–×× ×•×ª
ğŸšš ××©×œ×•×— ×—×™× × ××¢×œ 38 ×©""×— ××• 7.49 ×©""×—



ğŸ‘‡ğŸ›×”×–××™× ×• ×¢×›×©×™×•ğŸ›ğŸ‘‡
https://s.click.aliexpress.com/e/_on8tDGJ
×œ×”×¦×˜×¨×¤×•×ª ×œ×¢×¨×•×¥ ×œ×—×¦×• ×¢×œ×™×™ğŸ‘‡ğŸ›ğŸ‘‡
https://t.me/+LlMY8B9soOdhNmZk
××¡×¤×¨ ×¤×¨×™×˜: 1000007"
1000008,https://ae-pic-a1.aliexpress-media.com/kf/S5271a2facb5b4fb2a281be3d7b0dd2eb6.jpg,ğŸ›’ Large screen showerhead 3-speed mode portable shower shower accessories showers for bathroom items knobs full heads set parts,10.56,10.56,0%,94%,872,https://s.click.aliexpress.com/e/_okWizLN,,ğŸŒŸ ××œ ×ª×¤×¡×¤×¡×• ××ª ×–×”! ğŸŒŸ,,"ğŸŒŸ ××œ ×ª×¤×¡×¤×¡×• ××ª ×–×”! ğŸŒŸ

ğŸ›’ ğŸ›’ Large screen showerhead 3-speed mode portable shower shower accessories showers for bathroom items knobs full heads set parts

âœ¨ × ×•×— ×‘××™×•×—×“ ×œ×©×™××•×© ×™×•××™×•××™
ğŸ”§ ××™×›×•×ª ×’×‘×•×”×” ×•×¢××™×“×•×ª ×œ××•×¨×š ×–××Ÿ
ğŸ¨ ××’×™×¢ ×‘××‘×—×¨ ×’×¨×¡××•×ª â€“ ×‘×“×§×• ×‘×§×™×©×•×¨!

ğŸ’° ××—×™×¨ ××‘×¦×¢: 10.56 ×©""×— (××—×™×¨ ××§×•×¨×™: 10.56 ×©""×—)

â­ ×“×™×¨×•×’: 94%
ğŸ“¦ 872 ×”×–×× ×•×ª
ğŸšš ××©×œ×•×— ×—×™× × ××¢×œ 38 ×©""×— ××• 7.49 ×©""×—



ğŸ‘‡ğŸ›×”×–××™× ×• ×¢×›×©×™×•ğŸ›ğŸ‘‡
https://s.click.aliexpress.com/e/_okWizLN
×œ×”×¦×˜×¨×¤×•×ª ×œ×¢×¨×•×¥ ×œ×—×¦×• ×¢×œ×™×™ğŸ‘‡ğŸ›ğŸ‘‡
https://t.me/+LlMY8B9soOdhNmZk
××¡×¤×¨ ×¤×¨×™×˜: 1000008"
1000009,https://ae-pic-a1.aliexpress-media.com/kf/S9858aa7078a64603b92b0691d013ccd3S.jpg,ğŸ›’ Rolling Knife Sharpener Magnetic Knife Holder Diamond Sharpening Stone Kit with 15 and 20 Degrees Angle Roller Kitchen Accessory,37.26,17.89,52%,92%,3479,https://s.click.aliexpress.com/e/_opqsrsP,,ğŸ”¥ ×—×™×™×‘×™× ×œ×¨××•×ª ××ª ×–×”! ğŸ”¥,,"ğŸ”¥ ×—×™×™×‘×™× ×œ×¨××•×ª ××ª ×–×”! ğŸ”¥

ğŸ›’ ğŸ›’ Rolling Knife Sharpener Magnetic Knife Holder Diamond Sharpening Stone Kit with 15 and 20 Degrees Angle Roller Kitchen Accessory

âœ¨ × ×•×— ×‘××™×•×—×“ ×œ×©×™××•×© ×™×•××™×•××™
ğŸ”§ ××™×›×•×ª ×’×‘×•×”×” ×•×¢××™×“×•×ª ×œ××•×¨×š ×–××Ÿ
ğŸ¨ ××’×™×¢ ×‘××‘×—×¨ ×’×¨×¡××•×ª â€“ ×‘×“×§×• ×‘×§×™×©×•×¨!

ğŸ’° ××—×™×¨ ××‘×¦×¢: 17.89 ×©""×— (××—×™×¨ ××§×•×¨×™: 37.26 ×©""×—)
ğŸ’¸ ×—×™×¡×›×•×Ÿ ×©×œ 52%!
â­ ×“×™×¨×•×’: 92%
ğŸ“¦ 3479 ×”×–×× ×•×ª
ğŸšš ××©×œ×•×— ×—×™× × ××¢×œ 38 ×©""×— ××• 7.49 ×©""×—



ğŸ‘‡ğŸ›×”×–××™× ×• ×¢×›×©×™×•ğŸ›ğŸ‘‡
https://s.click.aliexpress.com/e/_opqsrsP
×œ×”×¦×˜×¨×¤×•×ª ×œ×¢×¨×•×¥ ×œ×—×¦×• ×¢×œ×™×™ğŸ‘‡ğŸ›ğŸ‘‡
https://t.me/+LlMY8B9soOdhNmZk
××¡×¤×¨ ×¤×¨×™×˜: 1000009"
1000010,https://ae-pic-a1.aliexpress-media.com/kf/Sb1c4a4c48441420a9b8eb9f303890251Z.jpg,ğŸ›’ MHW-3BOMBER Dosing Funnel Set 51mm 53/54mm 58mm Double Filter Espresso Puck Screen Kit Stainless Steel Dosing Ring Barista Tools,108.22,99.61,7%,98%,197,https://s.click.aliexpress.com/e/_oFBDHij,,ğŸŒŸ ××œ ×ª×¤×¡×¤×¡×• ××ª ×–×”! ğŸŒŸ,,"ğŸŒŸ ××œ ×ª×¤×¡×¤×¡×• ××ª ×–×”! ğŸŒŸ

ğŸ›’ ğŸ›’ MHW-3BOMBER Dosing Funnel Set 51mm 53/54mm 58mm Double Filter Espresso Puck Screen Kit Stainless Steel Dosing Ring Barista Tools

âœ¨ × ×•×— ×‘××™×•×—×“ ×œ×©×™××•×© ×™×•××™×•××™
ğŸ”§ ××™×›×•×ª ×’×‘×•×”×” ×•×¢××™×“×•×ª ×œ××•×¨×š ×–××Ÿ
ğŸ¨ ××’×™×¢ ×‘××‘×—×¨ ×’×¨×¡××•×ª â€“ ×‘×“×§×• ×‘×§×™×©×•×¨!

ğŸ’° ××—×™×¨ ××‘×¦×¢: 99.61 ×©""×— (××—×™×¨ ××§×•×¨×™: 108.22 ×©""×—)
ğŸ’¸ ×—×™×¡×›×•×Ÿ ×©×œ 7%!
â­ ×“×™×¨×•×’: 98%
ğŸ“¦ 197 ×”×–×× ×•×ª
ğŸšš ××©×œ×•×— ×—×™× × ××¢×œ 38 ×©""×— ××• 7.49 ×©""×—



ğŸ‘‡ğŸ›×”×–××™× ×• ×¢×›×©×™×•ğŸ›ğŸ‘‡
https://s.click.aliexpress.com/e/_oFBDHij
×œ×”×¦×˜×¨×¤×•×ª ×œ×¢×¨×•×¥ ×œ×—×¦×• ×¢×œ×™×™ğŸ‘‡ğŸ›ğŸ‘‡
https://t.me/+LlMY8B9soOdhNmZk
××¡×¤×¨ ×¤×¨×™×˜: 1000010"
1000011,https://ae-pic-a1.aliexpress-media.com/kf/Scf17a2670d594fc788b74c6917d5e0c06.jpg,ğŸ›’ Aquarium Fish Tank Oxygen Pump Charging Dual-Purpose Air Pump Usb Lithium Battery Household Portable Fishing Mute 6000mA Outdoor,117.06,37.46,68%,92%,2352,https://s.click.aliexpress.com/e/_oDC43tp,,ğŸ”¥ ×—×™×™×‘×™× ×œ×¨××•×ª ××ª ×–×”! ğŸ”¥,,"ğŸ”¥ ×—×™×™×‘×™× ×œ×¨××•×ª ××ª ×–×”! ğŸ”¥

ğŸ›’ ğŸ›’ Aquarium Fish Tank Oxygen Pump Charging Dual-Purpose Air Pump Usb Lithium Battery Household Portable Fishing Mute 6000mA Outdoor

âœ¨ × ×•×— ×‘××™×•×—×“ ×œ×©×™××•×© ×™×•××™×•××™
ğŸ”§ ××™×›×•×ª ×’×‘×•×”×” ×•×¢××™×“×•×ª ×œ××•×¨×š ×–××Ÿ
ğŸ¨ ××’×™×¢ ×‘××‘×—×¨ ×’×¨×¡××•×ª â€“ ×‘×“×§×• ×‘×§×™×©×•×¨!

ğŸ’° ××—×™×¨ ××‘×¦×¢: 37.46 ×©""×— (××—×™×¨ ××§×•×¨×™: 117.06 ×©""×—)
ğŸ’¸ ×—×™×¡×›×•×Ÿ ×©×œ 68%!
â­ ×“×™×¨×•×’: 92%
ğŸ“¦ 2352 ×”×–×× ×•×ª
ğŸšš ××©×œ×•×— ×—×™× × ××¢×œ 38 ×©""×— ××• 7.49 ×©""×—



ğŸ‘‡ğŸ›×”×–××™× ×• ×¢×›×©×™×•ğŸ›ğŸ‘‡
https://s.click.aliexpress.com/e/_oDC43tp
×œ×”×¦×˜×¨×¤×•×ª ×œ×¢×¨×•×¥ ×œ×—×¦×• ×¢×œ×™×™ğŸ‘‡ğŸ›ğŸ‘‡
https://t.me/+LlMY8B9soOdhNmZk
××¡×¤×¨ ×¤×¨×™×˜: 1000011"
1000012,https://ae-pic-a1.aliexpress-media.com/kf/Sa16ece0525574981acf8129bae79f155t.jpg,ğŸ›’ Women Sneakers 2025 New Spring Autumn Brand Luxury Vulcanize Shoes Casual Footwear Zapatillas Mujer Light Flat Breathable Shoes,133.43,64.05,52%,87%,2773,https://s.click.aliexpress.com/e/_opCvstd,,ğŸŒŸ ××œ ×ª×¤×¡×¤×¡×• ××ª ×–×”! ğŸŒŸ,,"ğŸŒŸ ××œ ×ª×¤×¡×¤×¡×• ××ª ×–×”! ğŸŒŸ

ğŸ›’ ğŸ›’ Women Sneakers 2025 New Spring Autumn Brand Luxury Vulcanize Shoes Casual Footwear Zapatillas Mujer Light Flat Breathable Shoes

âœ¨ × ×•×— ×‘××™×•×—×“ ×œ×©×™××•×© ×™×•××™×•××™
ğŸ”§ ××™×›×•×ª ×’×‘×•×”×” ×•×¢××™×“×•×ª ×œ××•×¨×š ×–××Ÿ
ğŸ¨ ××’×™×¢ ×‘××‘×—×¨ ×’×¨×¡××•×ª â€“ ×‘×“×§×• ×‘×§×™×©×•×¨!

ğŸ’° ××—×™×¨ ××‘×¦×¢: 64.05 ×©""×— (××—×™×¨ ××§×•×¨×™: 133.43 ×©""×—)
ğŸ’¸ ×—×™×¡×›×•×Ÿ ×©×œ 52%!
â­ ×“×™×¨×•×’: 87%
ğŸ“¦ 2773 ×”×–×× ×•×ª
ğŸšš ××©×œ×•×— ×—×™× × ××¢×œ 38 ×©""×— ××• 7.49 ×©""×—



ğŸ‘‡ğŸ›×”×–××™× ×• ×¢×›×©×™×•ğŸ›ğŸ‘‡
https://s.click.aliexpress.com/e/_opCvstd
×œ×”×¦×˜×¨×¤×•×ª ×œ×¢×¨×•×¥ ×œ×—×¦×• ×¢×œ×™×™ğŸ‘‡ğŸ›ğŸ‘‡
https://t.me/+LlMY8B9soOdhNmZk
××¡×¤×¨ ×¤×¨×™×˜: 1000012"
1000013,https://ae-pic-a1.aliexpress-media.com/kf/Sef47a08a3cd346cc895ede6d412d9a6c6.jpg,ğŸ›’ 8L Portable Folding Washing Machine Bucket for Clothes Socks Underwear Cleaning Washer Portable Small Travel Washing Machine,94.97,46.53,51%,91%,686,https://s.click.aliexpress.com/e/_oF36efh,,ğŸ”¥ ×—×™×™×‘×™× ×œ×¨××•×ª ××ª ×–×”! ğŸ”¥,,"ğŸ”¥ ×—×™×™×‘×™× ×œ×¨××•×ª ××ª ×–×”! ğŸ”¥

ğŸ›’ ğŸ›’ 8L Portable Folding Washing Machine Bucket for Clothes Socks Underwear Cleaning Washer Portable Small Travel Washing Machine

âœ¨ × ×•×— ×‘××™×•×—×“ ×œ×©×™××•×© ×™×•××™×•××™
ğŸ”§ ××™×›×•×ª ×’×‘×•×”×” ×•×¢××™×“×•×ª ×œ××•×¨×š ×–××Ÿ
ğŸ¨ ××’×™×¢ ×‘××‘×—×¨ ×’×¨×¡××•×ª â€“ ×‘×“×§×• ×‘×§×™×©×•×¨!

ğŸ’° ××—×™×¨ ××‘×¦×¢: 46.53 ×©""×— (××—×™×¨ ××§×•×¨×™: 94.97 ×©""×—)
ğŸ’¸ ×—×™×¡×›×•×Ÿ ×©×œ 51%!
â­ ×“×™×¨×•×’: 91%
ğŸ“¦ 686 ×”×–×× ×•×ª
ğŸšš ××©×œ×•×— ×—×™× × ××¢×œ 38 ×©""×— ××• 7.49 ×©""×—



ğŸ‘‡ğŸ›×”×–××™× ×• ×¢×›×©×™×•ğŸ›ğŸ‘‡
https://s.click.aliexpress.com/e/_oF36efh
×œ×”×¦×˜×¨×¤×•×ª ×œ×¢×¨×•×¥ ×œ×—×¦×• ×¢×œ×™×™ğŸ‘‡ğŸ›ğŸ‘‡
https://t.me/+LlMY8B9soOdhNmZk
××¡×¤×¨ ×¤×¨×™×˜: 1000013"
1000014,https://ae-pic-a1.aliexpress-media.com/kf/S8a0080beeafb4df0b050820450613ea3Y.png,ğŸ›’ Technical Retro Car Model Bricks 1458pcs Building Blocks Set 2in1 Race Classic Model Kit for Adults and Teens Toys Birthday Gift,270.25,117.0,56%,95%,1204,https://s.click.aliexpress.com/e/_olDlzkB,,ğŸŒŸ ××œ ×ª×¤×¡×¤×¡×• ××ª ×–×”! ğŸŒŸ,,"ğŸŒŸ ××œ ×ª×¤×¡×¤×¡×• ××ª ×–×”! ğŸŒŸ

ğŸ›’ ğŸ›’ Technical Retro Car Model Bricks 1458pcs Building Blocks Set 2in1 Race Classic Model Kit for Adults and Teens Toys Birthday Gift

âœ¨ × ×•×— ×‘××™×•×—×“ ×œ×©×™××•×© ×™×•××™×•××™
ğŸ”§ ××™×›×•×ª ×’×‘×•×”×” ×•×¢××™×“×•×ª ×œ××•×¨×š ×–××Ÿ
ğŸ¨ ××’×™×¢ ×‘××‘×—×¨ ×’×¨×¡××•×ª â€“ ×‘×“×§×• ×‘×§×™×©×•×¨!

ğŸ’° ××—×™×¨ ××‘×¦×¢: 117.0 ×©""×— (××—×™×¨ ××§×•×¨×™: 270.25 ×©""×—)
ğŸ’¸ ×—×™×¡×›×•×Ÿ ×©×œ 56%!
â­ ×“×™×¨×•×’: 95%
ğŸ“¦ 1204 ×”×–×× ×•×ª
ğŸšš ××©×œ×•×— ×—×™× × ××¢×œ 38 ×©""×— ××• 7.49 ×©""×—



ğŸ‘‡ğŸ›×”×–××™× ×• ×¢×›×©×™×•ğŸ›ğŸ‘‡
https://s.click.aliexpress.com/e/_olDlzkB
×œ×”×¦×˜×¨×¤×•×ª ×œ×¢×¨×•×¥ ×œ×—×¦×• ×¢×œ×™×™ğŸ‘‡ğŸ›ğŸ‘‡
https://t.me/+LlMY8B9soOdhNmZk
××¡×¤×¨ ×¤×¨×™×˜: 1000014"
1000015,https://ae-pic-a1.aliexpress-media.com/kf/S459fa486867e421ab646c0eb3e7a3a24q.jpg,ğŸ›’ LED Table Lamp Touch Sensor Dimmable Desktop Night Light Rechargeable Wireless Reading Lamp for Hotel Bar Bedroom Decor Light,120.54,40.99,66%,88%,562,https://s.click.aliexpress.com/e/_oCNFWGT,,ğŸ”¥ ×—×™×™×‘×™× ×œ×¨××•×ª ××ª ×–×”! ğŸ”¥,,"ğŸ”¥ ×—×™×™×‘×™× ×œ×¨××•×ª ××ª ×–×”! ğŸ”¥

ğŸ›’ ğŸ›’ LED Table Lamp Touch Sensor Dimmable Desktop Night Light Rechargeable Wireless Reading Lamp for Hotel Bar Bedroom Decor Light

âœ¨ × ×•×— ×‘××™×•×—×“ ×œ×©×™××•×© ×™×•××™×•××™
ğŸ”§ ××™×›×•×ª ×’×‘×•×”×” ×•×¢××™×“×•×ª ×œ××•×¨×š ×–××Ÿ
ğŸ¨ ××’×™×¢ ×‘××‘×—×¨ ×’×¨×¡××•×ª â€“ ×‘×“×§×• ×‘×§×™×©×•×¨!

ğŸ’° ××—×™×¨ ××‘×¦×¢: 40.99 ×©""×— (××—×™×¨ ××§×•×¨×™: 120.54 ×©""×—)
ğŸ’¸ ×—×™×¡×›×•×Ÿ ×©×œ 66%!
â­ ×“×™×¨×•×’: 88%
ğŸ“¦ 562 ×”×–×× ×•×ª
ğŸšš ××©×œ×•×— ×—×™× × ××¢×œ 38 ×©""×— ××• 7.49 ×©""×—



ğŸ‘‡ğŸ›×”×–××™× ×• ×¢×›×©×™×•ğŸ›ğŸ‘‡
https://s.click.aliexpress.com/e/_oCNFWGT
×œ×”×¦×˜×¨×¤×•×ª ×œ×¢×¨×•×¥ ×œ×—×¦×• ×¢×œ×™×™ğŸ‘‡ğŸ›ğŸ‘‡
https://t.me/+LlMY8B9soOdhNmZk
××¡×¤×¨ ×¤×¨×™×˜: 1000015"
1000016,https://ae-pic-a1.aliexpress-media.com/kf/S96ed5a2b2e774e1e936803da5177a0a2n.jpg,"ğŸ›’ Women's summer breathable mesh flat shoes women's shoes casual sports shoes, clearance free shipping",94.74,42.63,55%,95%,3778,https://s.click.aliexpress.com/e/_om6Pi31,,ğŸŒŸ ××œ ×ª×¤×¡×¤×¡×• ××ª ×–×”! ğŸŒŸ,,"ğŸŒŸ ××œ ×ª×¤×¡×¤×¡×• ××ª ×–×”! ğŸŒŸ

ğŸ›’ ğŸ›’ Women's summer breathable mesh flat shoes women's shoes casual sports shoes, clearance free shipping

âœ¨ × ×•×— ×‘××™×•×—×“ ×œ×©×™××•×© ×™×•××™×•××™
ğŸ”§ ××™×›×•×ª ×’×‘×•×”×” ×•×¢××™×“×•×ª ×œ××•×¨×š ×–××Ÿ
ğŸ¨ ××’×™×¢ ×‘××‘×—×¨ ×’×¨×¡××•×ª â€“ ×‘×“×§×• ×‘×§×™×©×•×¨!

ğŸ’° ××—×™×¨ ××‘×¦×¢: 42.63 ×©""×— (××—×™×¨ ××§×•×¨×™: 94.74 ×©""×—)
ğŸ’¸ ×—×™×¡×›×•×Ÿ ×©×œ 55%!
â­ ×“×™×¨×•×’: 95%
ğŸ“¦ 3778 ×”×–×× ×•×ª
ğŸšš ××©×œ×•×— ×—×™× × ××¢×œ 38 ×©""×— ××• 7.49 ×©""×—



ğŸ‘‡ğŸ›×”×–××™× ×• ×¢×›×©×™×•ğŸ›ğŸ‘‡
https://s.click.aliexpress.com/e/_om6Pi31
×œ×”×¦×˜×¨×¤×•×ª ×œ×¢×¨×•×¥ ×œ×—×¦×• ×¢×œ×™×™ğŸ‘‡ğŸ›ğŸ‘‡
https://t.me/+LlMY8B9soOdhNmZk
××¡×¤×¨ ×¤×¨×™×˜: 1000016"
1000017,https://ae-pic-a1.aliexpress-media.com/kf/Sf5f982319f0149dd8ec179229fea473dR.jpg,ğŸ›’ BM310 Small Mobile Phones Unlocked Bluetooth Earphone Telephone Low Radiation Automatic Call Recording Dual SIM Small Cell Phone,57.42,39.04,32%,93%,3048,https://s.click.aliexpress.com/e/_oDXUs7p,,ğŸ”¥ ×—×™×™×‘×™× ×œ×¨××•×ª ××ª ×–×”! ğŸ”¥,https://video.aliexpress-media.com/play/u/ae_sg_item/220030030/p/1/e/6/t/10301/1100026772832.mp4,"ğŸ”¥ ×—×™×™×‘×™× ×œ×¨××•×ª ××ª ×–×”! ğŸ”¥

ğŸ›’ ğŸ›’ BM310 Small Mobile Phones Unlocked Bluetooth Earphone Telephone Low Radiation Automatic Call Recording Dual SIM Small Cell Phone

âœ¨ × ×•×— ×‘××™×•×—×“ ×œ×©×™××•×© ×™×•××™×•××™
ğŸ”§ ××™×›×•×ª ×’×‘×•×”×” ×•×¢××™×“×•×ª ×œ××•×¨×š ×–××Ÿ
ğŸ¨ ××’×™×¢ ×‘××‘×—×¨ ×’×¨×¡××•×ª â€“ ×‘×“×§×• ×‘×§×™×©×•×¨!

ğŸ’° ××—×™×¨ ××‘×¦×¢: 39.04 ×©""×— (××—×™×¨ ××§×•×¨×™: 57.42 ×©""×—)
ğŸ’¸ ×—×™×¡×›×•×Ÿ ×©×œ 32%!
â­ ×“×™×¨×•×’: 93%
ğŸ“¦ 3048 ×”×–×× ×•×ª
ğŸšš ××©×œ×•×— ×—×™× × ××¢×œ 38 ×©""×— ××• 7.49 ×©""×—



ğŸ‘‡ğŸ›×”×–××™× ×• ×¢×›×©×™×•ğŸ›ğŸ‘‡
https://s.click.aliexpress.com/e/_oDXUs7p
×œ×”×¦×˜×¨×¤×•×ª ×œ×¢×¨×•×¥ ×œ×—×¦×• ×¢×œ×™×™ğŸ‘‡ğŸ›ğŸ‘‡
https://t.me/+LlMY8B9soOdhNmZk
××¡×¤×¨ ×¤×¨×™×˜: 1000017"
1000018,https://ae-pic-a1.aliexpress-media.com/kf/Sfeddd3262dd744a3918d47ccd37c74e9e.jpg,ğŸ›’ Length 3/6/15Meters OD7/10/13/15/18/21/25/28mm Split Wire Loom Conduit Polyethylene Tubing Black Color Sleeve Tube,12.36,12.36,0%,94%,2238,https://s.click.aliexpress.com/e/_okyAMXv,,ğŸŒŸ ××œ ×ª×¤×¡×¤×¡×• ××ª ×–×”! ğŸŒŸ,,"ğŸŒŸ ××œ ×ª×¤×¡×¤×¡×• ××ª ×–×”! ğŸŒŸ

ğŸ›’ ğŸ›’ Length 3/6/15Meters OD7/10/13/15/18/21/25/28mm Split Wire Loom Conduit Polyethylene Tubing Black Color Sleeve Tube

âœ¨ × ×•×— ×‘××™×•×—×“ ×œ×©×™××•×© ×™×•××™×•××™
ğŸ”§ ××™×›×•×ª ×’×‘×•×”×” ×•×¢××™×“×•×ª ×œ××•×¨×š ×–××Ÿ
ğŸ¨ ××’×™×¢ ×‘××‘×—×¨ ×’×¨×¡××•×ª â€“ ×‘×“×§×• ×‘×§×™×©×•×¨!

ğŸ’° ××—×™×¨ ××‘×¦×¢: 12.36 ×©""×— (××—×™×¨ ××§×•×¨×™: 12.36 ×©""×—)

â­ ×“×™×¨×•×’: 94%
ğŸ“¦ 2238 ×”×–×× ×•×ª
ğŸšš ××©×œ×•×— ×—×™× × ××¢×œ 38 ×©""×— ××• 7.49 ×©""×—



ğŸ‘‡ğŸ›×”×–××™× ×• ×¢×›×©×™×•ğŸ›ğŸ‘‡
https://s.click.aliexpress.com/e/_okyAMXv
×œ×”×¦×˜×¨×¤×•×ª ×œ×¢×¨×•×¥ ×œ×—×¦×• ×¢×œ×™×™ğŸ‘‡ğŸ›ğŸ‘‡
https://t.me/+LlMY8B9soOdhNmZk
××¡×¤×¨ ×¤×¨×™×˜: 1000018"
1000019,https://ae-pic-a1.aliexpress-media.com/kf/S0614fa0b26804ca89a4021b1e8267c36L.jpg,"ğŸ›’ Spring new women's sports shoes, fashionable, breathable, lightweight, non-slip, wear-resistant, casual sports shoes, flat shoes",82.51,40.39,51%,93%,6994,https://s.click.aliexpress.com/e/_onjEAKB,,ğŸ”¥ ×—×™×™×‘×™× ×œ×¨××•×ª ××ª ×–×”! ğŸ”¥,,"ğŸ”¥ ×—×™×™×‘×™× ×œ×¨××•×ª ××ª ×–×”! ğŸ”¥

ğŸ›’ ğŸ›’ Spring new women's sports shoes, fashionable, breathable, lightweight, non-slip, wear-resistant, casual sports shoes, flat shoes

âœ¨ × ×•×— ×‘××™×•×—×“ ×œ×©×™××•×© ×™×•××™×•××™
ğŸ”§ ××™×›×•×ª ×’×‘×•×”×” ×•×¢××™×“×•×ª ×œ××•×¨×š ×–××Ÿ
ğŸ¨ ××’×™×¢ ×‘××‘×—×¨ ×’×¨×¡××•×ª â€“ ×‘×“×§×• ×‘×§×™×©×•×¨!

ğŸ’° ××—×™×¨ ××‘×¦×¢: 40.39 ×©""×— (××—×™×¨ ××§×•×¨×™: 82.51 ×©""×—)
ğŸ’¸ ×—×™×¡×›×•×Ÿ ×©×œ 51%!
â­ ×“×™×¨×•×’: 93%
ğŸ“¦ 6994 ×”×–×× ×•×ª
ğŸšš ××©×œ×•×— ×—×™× × ××¢×œ 38 ×©""×— ××• 7.49 ×©""×—



ğŸ‘‡ğŸ›×”×–××™× ×• ×¢×›×©×™×•ğŸ›ğŸ‘‡
https://s.click.aliexpress.com/e/_onjEAKB
×œ×”×¦×˜×¨×¤×•×ª ×œ×¢×¨×•×¥ ×œ×—×¦×• ×¢×œ×™×™ğŸ‘‡ğŸ›ğŸ‘‡
https://t.me/+LlMY8B9soOdhNmZk
××¡×¤×¨ ×¤×¨×™×˜: 1000019"
1000020,https://ae-pic-a1.aliexpress-media.com/kf/S435991ec1f7d466caa4d6e625f5a95fb8.jpg,ğŸ›’ Building Blocks 2024 Brand New 687 Pieces Electric Hi-Tech APP RC Robot Motor Power Function Building Blocks Children's Toy Gift,194.25,64.1,67%,92%,2362,https://s.click.aliexpress.com/e/_ombtKC7,,ğŸŒŸ ××œ ×ª×¤×¡×¤×¡×• ××ª ×–×”! ğŸŒŸ,,"ğŸŒŸ ××œ ×ª×¤×¡×¤×¡×• ××ª ×–×”! ğŸŒŸ

ğŸ›’ ğŸ›’ Building Blocks 2024 Brand New 687 Pieces Electric Hi-Tech APP RC Robot Motor Power Function Building Blocks Children's Toy Gift

âœ¨ × ×•×— ×‘××™×•×—×“ ×œ×©×™××•×© ×™×•××™×•××™
ğŸ”§ ××™×›×•×ª ×’×‘×•×”×” ×•×¢××™×“×•×ª ×œ××•×¨×š ×–××Ÿ
ğŸ¨ ××’×™×¢ ×‘××‘×—×¨ ×’×¨×¡××•×ª â€“ ×‘×“×§×• ×‘×§×™×©×•×¨!

ğŸ’° ××—×™×¨ ××‘×¦×¢: 64.1 ×©""×— (××—×™×¨ ××§×•×¨×™: 194.25 ×©""×—)
ğŸ’¸ ×—×™×¡×›×•×Ÿ ×©×œ 67%!
â­ ×“×™×¨×•×’: 92%
ğŸ“¦ 2362 ×”×–×× ×•×ª
ğŸšš ××©×œ×•×— ×—×™× × ××¢×œ 38 ×©""×— ××• 7.49 ×©""×—



ğŸ‘‡ğŸ›×”×–××™× ×• ×¢×›×©×™×•ğŸ›ğŸ‘‡
https://s.click.aliexpress.com/e/_ombtKC7
×œ×”×¦×˜×¨×¤×•×ª ×œ×¢×¨×•×¥ ×œ×—×¦×• ×¢×œ×™×™ğŸ‘‡ğŸ›ğŸ‘‡
https://t.me/+LlMY8B9soOdhNmZk
××¡×¤×¨ ×¤×¨×™×˜: 1000020"
1000021,https://ae-pic-a1.aliexpress-media.com/kf/Sf155fadaac95414aaf00bce9371915b0q.jpg,ğŸ›’ 20pcs Chrome Gold Confetti Latex Balloons Happy Birthday Party Decorations Kids Adult Boy Girl Baby Shower Wedding Supplies,10.44,10.44,0%,93%,858,https://s.click.aliexpress.com/e/_oDl0SUx,,ğŸ”¥ ×—×™×™×‘×™× ×œ×¨××•×ª ××ª ×–×”! ğŸ”¥,,"ğŸ”¥ ×—×™×™×‘×™× ×œ×¨××•×ª ××ª ×–×”! ğŸ”¥

ğŸ›’ ğŸ›’ 20pcs Chrome Gold Confetti Latex Balloons Happy Birthday Party Decorations Kids Adult Boy Girl Baby Shower Wedding Supplies

âœ¨ × ×•×— ×‘××™×•×—×“ ×œ×©×™××•×© ×™×•××™×•××™
ğŸ”§ ××™×›×•×ª ×’×‘×•×”×” ×•×¢××™×“×•×ª ×œ××•×¨×š ×–××Ÿ
ğŸ¨ ××’×™×¢ ×‘××‘×—×¨ ×’×¨×¡××•×ª â€“ ×‘×“×§×• ×‘×§×™×©×•×¨!

ğŸ’° ××—×™×¨ ××‘×¦×¢: 10.44 ×©""×— (××—×™×¨ ××§×•×¨×™: 10.44 ×©""×—)

â­ ×“×™×¨×•×’: 93%
ğŸ“¦ 858 ×”×–×× ×•×ª
ğŸšš ××©×œ×•×— ×—×™× × ××¢×œ 38 ×©""×— ××• 7.49 ×©""×—



ğŸ‘‡ğŸ›×”×–××™× ×• ×¢×›×©×™×•ğŸ›ğŸ‘‡
https://s.click.aliexpress.com/e/_oDl0SUx
×œ×”×¦×˜×¨×¤×•×ª ×œ×¢×¨×•×¥ ×œ×—×¦×• ×¢×œ×™×™ğŸ‘‡ğŸ›ğŸ‘‡
https://t.me/+LlMY8B9soOdhNmZk
××¡×¤×¨ ×¤×¨×™×˜: 1000021"
1000022,https://ae-pic-a1.aliexpress-media.com/kf/S3ced755126e34232b59b9cd72309de641.jpg,ğŸ›’ Boots Men High Top Boots High Quality Women Leather Shoes Fashion Outdoor Sneakers Men Lace Up Non-Slip Ankle Boots for Couple,256.74,107.72,58%,88%,1043,https://s.click.aliexpress.com/e/_opAqSz9,,ğŸŒŸ ××œ ×ª×¤×¡×¤×¡×• ××ª ×–×”! ğŸŒŸ,,"ğŸŒŸ ××œ ×ª×¤×¡×¤×¡×• ××ª ×–×”! ğŸŒŸ

ğŸ›’ ğŸ›’ Boots Men High Top Boots High Quality Women Leather Shoes Fashion Outdoor Sneakers Men Lace Up Non-Slip Ankle Boots for Couple

âœ¨ × ×•×— ×‘××™×•×—×“ ×œ×©×™××•×© ×™×•××™×•××™
ğŸ”§ ××™×›×•×ª ×’×‘×•×”×” ×•×¢××™×“×•×ª ×œ××•×¨×š ×–××Ÿ
ğŸ¨ ××’×™×¢ ×‘××‘×—×¨ ×’×¨×¡××•×ª â€“ ×‘×“×§×• ×‘×§×™×©×•×¨!

ğŸ’° ××—×™×¨ ××‘×¦×¢: 107.72 ×©""×— (××—×™×¨ ××§×•×¨×™: 256.74 ×©""×—)
ğŸ’¸ ×—×™×¡×›×•×Ÿ ×©×œ 58%!
â­ ×“×™×¨×•×’: 88%
ğŸ“¦ 1043 ×”×–×× ×•×ª
ğŸšš ××©×œ×•×— ×—×™× × ××¢×œ 38 ×©""×— ××• 7.49 ×©""×—



ğŸ‘‡ğŸ›×”×–××™× ×• ×¢×›×©×™×•ğŸ›ğŸ‘‡
https://s.click.aliexpress.com/e/_opAqSz9
×œ×”×¦×˜×¨×¤×•×ª ×œ×¢×¨×•×¥ ×œ×—×¦×• ×¢×œ×™×™ğŸ‘‡ğŸ›ğŸ‘‡
https://t.me/+LlMY8B9soOdhNmZk
××¡×¤×¨ ×¤×¨×™×˜: 1000022"
1000023,https://ae-pic-a1.aliexpress-media.com/kf/S6a78355fc74a41f2aaca9841e7318ee3v.jpg,ğŸ›’ Brushed Gold Bathroom Accessories Towel Bar Bath Robe Hook Brass Knurled Bathroom Hardware Set Shelf for Towels Paper Tissue Hol,48.71,32.64,33%,95%,170,https://s.click.aliexpress.com/e/_ooCVsnp,DX5U4RHOWG3C,ğŸ”¥ ×—×™×™×‘×™× ×œ×¨××•×ª ××ª ×–×”! ğŸ”¥,,"ğŸ”¥ ×—×™×™×‘×™× ×œ×¨××•×ª ××ª ×–×”! ğŸ”¥

ğŸ›’ ğŸ›’ Brushed Gold Bathroom Accessories Towel Bar Bath Robe Hook Brass Knurled Bathroom Hardware Set Shelf for Towels Paper Tissue Hol

âœ¨ × ×•×— ×‘××™×•×—×“ ×œ×©×™××•×© ×™×•××™×•××™
ğŸ”§ ××™×›×•×ª ×’×‘×•×”×” ×•×¢××™×“×•×ª ×œ××•×¨×š ×–××Ÿ
ğŸ¨ ××’×™×¢ ×‘××‘×—×¨ ×’×¨×¡××•×ª â€“ ×‘×“×§×• ×‘×§×™×©×•×¨!

ğŸ’° ××—×™×¨ ××‘×¦×¢: 32.64 ×©""×— (××—×™×¨ ××§×•×¨×™: 48.71 ×©""×—)
ğŸ’¸ ×—×™×¡×›×•×Ÿ ×©×œ 33%!
â­ ×“×™×¨×•×’: 95%
ğŸ“¦ 170 ×”×–×× ×•×ª
ğŸšš ××©×œ×•×— ×—×™× × ××¢×œ 38 ×©""×— ××• 7.49 ×©""×—

ğŸ ×§×•×¤×•×Ÿ ×œ×—×‘×¨×™ ×”×¢×¨×•×¥ ×‘×œ×‘×“: DX5U4RHOWG3C

ğŸ‘‡ğŸ›×”×–××™× ×• ×¢×›×©×™×•ğŸ›ğŸ‘‡
https://s.click.aliexpress.com/e/_ooCVsnp
×œ×”×¦×˜×¨×¤×•×ª ×œ×¢×¨×•×¥ ×œ×—×¦×• ×¢×œ×™×™ğŸ‘‡ğŸ›ğŸ‘‡
https://t.me/+LlMY8B9soOdhNmZk
××¡×¤×¨ ×¤×¨×™×˜: 1000023"
1000024,https://ae-pic-a1.aliexpress-media.com/kf/S34d76714fd3a44639d5ce7206408ca0cM.png,ğŸ›’ 1/2pcs Baofeng M-5R Walkie Talkie Full Bands Wireless Copy Frequency Two Way Radio USB Charger Long Range Ham Radio For UV K5 5R,204.36,70.16,65%,92%,347,https://s.click.aliexpress.com/e/_opJDVuR,,ğŸŒŸ ××œ ×ª×¤×¡×¤×¡×• ××ª ×–×”! ğŸŒŸ,,"ğŸŒŸ ××œ ×ª×¤×¡×¤×¡×• ××ª ×–×”! ğŸŒŸ

ğŸ›’ ğŸ›’ 1/2pcs Baofeng M-5R Walkie Talkie Full Bands Wireless Copy Frequency Two Way Radio USB Charger Long Range Ham Radio For UV K5 5R

âœ¨ × ×•×— ×‘××™×•×—×“ ×œ×©×™××•×© ×™×•××™×•××™
ğŸ”§ ××™×›×•×ª ×’×‘×•×”×” ×•×¢××™×“×•×ª ×œ××•×¨×š ×–××Ÿ
ğŸ¨ ××’×™×¢ ×‘××‘×—×¨ ×’×¨×¡××•×ª â€“ ×‘×“×§×• ×‘×§×™×©×•×¨!

ğŸ’° ××—×™×¨ ××‘×¦×¢: 70.16 ×©""×— (××—×™×¨ ××§×•×¨×™: 204.36 ×©""×—)
ğŸ’¸ ×—×™×¡×›×•×Ÿ ×©×œ 65%!
â­ ×“×™×¨×•×’: 92%
ğŸ“¦ 347 ×”×–×× ×•×ª
ğŸšš ××©×œ×•×— ×—×™× × ××¢×œ 38 ×©""×— ××• 7.49 ×©""×—



ğŸ‘‡ğŸ›×”×–××™× ×• ×¢×›×©×™×•ğŸ›ğŸ‘‡
https://s.click.aliexpress.com/e/_opJDVuR
×œ×”×¦×˜×¨×¤×•×ª ×œ×¢×¨×•×¥ ×œ×—×¦×• ×¢×œ×™×™ğŸ‘‡ğŸ›ğŸ‘‡
https://t.me/+LlMY8B9soOdhNmZk
××¡×¤×¨ ×¤×¨×™×˜: 1000024"
1000025,https://ae-pic-a1.aliexpress-media.com/kf/S10ca27e2aae74eed9cdaa53cab26510aL.jpg,"ğŸ›’ Men's Fashion Basketball Shoes with Air Cushions, Comfortable and Non-Slip, Breathable and Shock-Absorbing, Suitable for Men's Outdoor Activities",143.59,58.81,59%,88%,841,https://s.click.aliexpress.com/e/_oBWBWWr,,ğŸ”¥ ×—×™×™×‘×™× ×œ×¨××•×ª ××ª ×–×”! ğŸ”¥,,"ğŸ”¥ ×—×™×™×‘×™× ×œ×¨××•×ª ××ª ×–×”! ğŸ”¥

ğŸ›’ ğŸ›’ Men's Fashion Basketball Shoes with Air Cushions, Comfortable and Non-Slip, Breathable and Shock-Absorbing, Suitable for Men's Outdoor Activities

âœ¨ × ×•×— ×‘××™×•×—×“ ×œ×©×™××•×© ×™×•××™×•××™
ğŸ”§ ××™×›×•×ª ×’×‘×•×”×” ×•×¢××™×“×•×ª ×œ××•×¨×š ×–××Ÿ
ğŸ¨ ××’×™×¢ ×‘××‘×—×¨ ×’×¨×¡××•×ª â€“ ×‘×“×§×• ×‘×§×™×©×•×¨!

ğŸ’° ××—×™×¨ ××‘×¦×¢: 58.81 ×©""×— (××—×™×¨ ××§×•×¨×™: 143.59 ×©""×—)
ğŸ’¸ ×—×™×¡×›×•×Ÿ ×©×œ 59%!
â­ ×“×™×¨×•×’: 88%
ğŸ“¦ 841 ×”×–×× ×•×ª
ğŸšš ××©×œ×•×— ×—×™× × ××¢×œ 38 ×©""×— ××• 7.49 ×©""×—



ğŸ‘‡ğŸ›×”×–××™× ×• ×¢×›×©×™×•ğŸ›ğŸ‘‡
https://s.click.aliexpress.com/e/_oBWBWWr
×œ×”×¦×˜×¨×¤×•×ª ×œ×¢×¨×•×¥ ×œ×—×¦×• ×¢×œ×™×™ğŸ‘‡ğŸ›ğŸ‘‡
https://t.me/+LlMY8B9soOdhNmZk
××¡×¤×¨ ×¤×¨×™×˜: 1000025"
1000026,https://ae-pic-a1.aliexpress-media.com/kf/Sccced41c653b496ea287f84cb02261cb6.jpg,ğŸ›’ Sofa Tray Table Sofa Armrest Clip-On Tray Natural Wooden Sofa Tray Practical TV Snack Tray for Remote Control Coffee Snacks,121.09,40.46,66%,92%,3102,https://s.click.aliexpress.com/e/_okjxt8X,,ğŸŒŸ ××œ ×ª×¤×¡×¤×¡×• ××ª ×–×”! ğŸŒŸ,https://video.aliexpress-media.com/play/u/ae_sg_item/2660424028/p/1/e/6/t/10301/1100091818549.mp4,"ğŸŒŸ ××œ ×ª×¤×¡×¤×¡×• ××ª ×–×”! ğŸŒŸ

ğŸ›’ ğŸ›’ Sofa Tray Table Sofa Armrest Clip-On Tray Natural Wooden Sofa Tray Practical TV Snack Tray for Remote Control Coffee Snacks

âœ¨ × ×•×— ×‘××™×•×—×“ ×œ×©×™××•×© ×™×•××™×•××™
ğŸ”§ ××™×›×•×ª ×’×‘×•×”×” ×•×¢××™×“×•×ª ×œ××•×¨×š ×–××Ÿ
ğŸ¨ ××’×™×¢ ×‘××‘×—×¨ ×’×¨×¡××•×ª â€“ ×‘×“×§×• ×‘×§×™×©×•×¨!

ğŸ’° ××—×™×¨ ××‘×¦×¢: 40.46 ×©""×— (××—×™×¨ ××§×•×¨×™: 121.09 ×©""×—)
ğŸ’¸ ×—×™×¡×›×•×Ÿ ×©×œ 66%!
â­ ×“×™×¨×•×’: 92%
ğŸ“¦ 3102 ×”×–×× ×•×ª
ğŸšš ××©×œ×•×— ×—×™× × ××¢×œ 38 ×©""×— ××• 7.49 ×©""×—



ğŸ‘‡ğŸ›×”×–××™× ×• ×¢×›×©×™×•ğŸ›ğŸ‘‡
https://s.click.aliexpress.com/e/_okjxt8X
×œ×”×¦×˜×¨×¤×•×ª ×œ×¢×¨×•×¥ ×œ×—×¦×• ×¢×œ×™×™ğŸ‘‡ğŸ›ğŸ‘‡
https://t.me/+LlMY8B9soOdhNmZk
××¡×¤×¨ ×¤×¨×™×˜: 1000026"
1000027,https://ae-pic-a1.aliexpress-media.com/kf/S5b10577443f54b66a35ab9e8ef210633T.jpg,ğŸ›’ 2025 Women's Flat Slippers Woven Comfortable Women's Shoes Casual Bottom Slippers New Summer Sandalias Mujer Luxury Designer,85.1,40.81,52%,99%,383,https://s.click.aliexpress.com/e/_ooogZHp,,ğŸ”¥ ×—×™×™×‘×™× ×œ×¨××•×ª ××ª ×–×”! ğŸ”¥,,"ğŸ”¥ ×—×™×™×‘×™× ×œ×¨××•×ª ××ª ×–×”! ğŸ”¥

ğŸ›’ ğŸ›’ 2025 Women's Flat Slippers Woven Comfortable Women's Shoes Casual Bottom Slippers New Summer Sandalias Mujer Luxury Designer

âœ¨ × ×•×— ×‘××™×•×—×“ ×œ×©×™××•×© ×™×•××™×•××™
ğŸ”§ ××™×›×•×ª ×’×‘×•×”×” ×•×¢××™×“×•×ª ×œ××•×¨×š ×–××Ÿ
ğŸ¨ ××’×™×¢ ×‘××‘×—×¨ ×’×¨×¡××•×ª â€“ ×‘×“×§×• ×‘×§×™×©×•×¨!

ğŸ’° ××—×™×¨ ××‘×¦×¢: 40.81 ×©""×— (××—×™×¨ ××§×•×¨×™: 85.1 ×©""×—)
ğŸ’¸ ×—×™×¡×›×•×Ÿ ×©×œ 52%!
â­ ×“×™×¨×•×’: 99%
ğŸ“¦ 383 ×”×–×× ×•×ª
ğŸšš ××©×œ×•×— ×—×™× × ××¢×œ 38 ×©""×— ××• 7.49 ×©""×—



ğŸ‘‡ğŸ›×”×–××™× ×• ×¢×›×©×™×•ğŸ›ğŸ‘‡
https://s.click.aliexpress.com/e/_ooogZHp
×œ×”×¦×˜×¨×¤×•×ª ×œ×¢×¨×•×¥ ×œ×—×¦×• ×¢×œ×™×™ğŸ‘‡ğŸ›ğŸ‘‡
https://t.me/+LlMY8B9soOdhNmZk
××¡×¤×¨ ×¤×¨×™×˜: 1000027"
1000028,https://ae-pic-a1.aliexpress-media.com/kf/Sbed011f17e2346139c9458e606e8e9a93.jpg,ğŸ›’ 20/30pcs Gel Grip Heel Protector Adhesive Foot Patches Blister Pads Heel Liner Shoes Stickers Plaster Foot Care Cushion,11.29,4.74,58%,94%,27208,https://s.click.aliexpress.com/e/_oCQbTV1,,ğŸŒŸ ××œ ×ª×¤×¡×¤×¡×• ××ª ×–×”! ğŸŒŸ,,"ğŸŒŸ ××œ ×ª×¤×¡×¤×¡×• ××ª ×–×”! ğŸŒŸ

ğŸ›’ ğŸ›’ 20/30pcs Gel Grip Heel Protector Adhesive Foot Patches Blister Pads Heel Liner Shoes Stickers Plaster Foot Care Cushion

âœ¨ × ×•×— ×‘××™×•×—×“ ×œ×©×™××•×© ×™×•××™×•××™
ğŸ”§ ××™×›×•×ª ×’×‘×•×”×” ×•×¢××™×“×•×ª ×œ××•×¨×š ×–××Ÿ
ğŸ¨ ××’×™×¢ ×‘××‘×—×¨ ×’×¨×¡××•×ª â€“ ×‘×“×§×• ×‘×§×™×©×•×¨!

ğŸ’° ××—×™×¨ ××‘×¦×¢: 4.74 ×©""×— (××—×™×¨ ××§×•×¨×™: 11.29 ×©""×—)
ğŸ’¸ ×—×™×¡×›×•×Ÿ ×©×œ 58%!
â­ ×“×™×¨×•×’: 94%
ğŸ“¦ 27208 ×”×–×× ×•×ª
ğŸšš ××©×œ×•×— ×—×™× × ××¢×œ 38 ×©""×— ××• 7.49 ×©""×—



ğŸ‘‡ğŸ›×”×–××™× ×• ×¢×›×©×™×•ğŸ›ğŸ‘‡
https://s.click.aliexpress.com/e/_oCQbTV1
×œ×”×¦×˜×¨×¤×•×ª ×œ×¢×¨×•×¥ ×œ×—×¦×• ×¢×œ×™×™ğŸ‘‡ğŸ›ğŸ‘‡
https://t.me/+LlMY8B9soOdhNmZk
××¡×¤×¨ ×¤×¨×™×˜: 1000028"
1000029,https://ae-pic-a1.aliexpress-media.com/kf/Sbc1a7c63294345378d8d00144fe70ad5t.jpg,ğŸ›’ Japanese Design Akari Noguchi Yong Table Lamp White Rice Paper Decorative Desk Lights for Bedroom Living/Dining Room Study Loft,294.45,100.69,65%,92%,711,https://s.click.aliexpress.com/e/_onhD2cb,,ğŸ”¥ ×—×™×™×‘×™× ×œ×¨××•×ª ××ª ×–×”! ğŸ”¥,,"ğŸ”¥ ×—×™×™×‘×™× ×œ×¨××•×ª ××ª ×–×”! ğŸ”¥

ğŸ›’ ğŸ›’ Japanese Design Akari Noguchi Yong Table Lamp White Rice Paper Decorative Desk Lights for Bedroom Living/Dining Room Study Loft

âœ¨ × ×•×— ×‘××™×•×—×“ ×œ×©×™××•×© ×™×•××™×•××™
ğŸ”§ ××™×›×•×ª ×’×‘×•×”×” ×•×¢××™×“×•×ª ×œ××•×¨×š ×–××Ÿ
ğŸ¨ ××’×™×¢ ×‘××‘×—×¨ ×’×¨×¡××•×ª â€“ ×‘×“×§×• ×‘×§×™×©×•×¨!

ğŸ’° ××—×™×¨ ××‘×¦×¢: 100.69 ×©""×— (××—×™×¨ ××§×•×¨×™: 294.45 ×©""×—)
ğŸ’¸ ×—×™×¡×›×•×Ÿ ×©×œ 65%!
â­ ×“×™×¨×•×’: 92%
ğŸ“¦ 711 ×”×–×× ×•×ª
ğŸšš ××©×œ×•×— ×—×™× × ××¢×œ 38 ×©""×— ××• 7.49 ×©""×—



ğŸ‘‡ğŸ›×”×–××™× ×• ×¢×›×©×™×•ğŸ›ğŸ‘‡
https://s.click.aliexpress.com/e/_onhD2cb
×œ×”×¦×˜×¨×¤×•×ª ×œ×¢×¨×•×¥ ×œ×—×¦×• ×¢×œ×™×™ğŸ‘‡ğŸ›ğŸ‘‡
https://t.me/+LlMY8B9soOdhNmZk
××¡×¤×¨ ×¤×¨×™×˜: 1000029"
1000030,https://ae-pic-a1.aliexpress-media.com/kf/Sc6cda38ba28c4c8292e5585b47e6a3a5i.jpg,"ğŸ›’ 1PC retractable stainless steel elderly shoe puller, shoe assistant, suitable for both men and women",20.75,8.71,58%,88%,8290,https://s.click.aliexpress.com/e/_oBZ7U4F,,ğŸŒŸ ××œ ×ª×¤×¡×¤×¡×• ××ª ×–×”! ğŸŒŸ,,"ğŸŒŸ ××œ ×ª×¤×¡×¤×¡×• ××ª ×–×”! ğŸŒŸ

ğŸ›’ ğŸ›’ 1PC retractable stainless steel elderly shoe puller, shoe assistant, suitable for both men and women

âœ¨ × ×•×— ×‘××™×•×—×“ ×œ×©×™××•×© ×™×•××™×•××™
ğŸ”§ ××™×›×•×ª ×’×‘×•×”×” ×•×¢××™×“×•×ª ×œ××•×¨×š ×–××Ÿ
ğŸ¨ ××’×™×¢ ×‘××‘×—×¨ ×’×¨×¡××•×ª â€“ ×‘×“×§×• ×‘×§×™×©×•×¨!

ğŸ’° ××—×™×¨ ××‘×¦×¢: 8.71 ×©""×— (××—×™×¨ ××§×•×¨×™: 20.75 ×©""×—)
ğŸ’¸ ×—×™×¡×›×•×Ÿ ×©×œ 58%!
â­ ×“×™×¨×•×’: 88%
ğŸ“¦ 8290 ×”×–×× ×•×ª
ğŸšš ××©×œ×•×— ×—×™× × ××¢×œ 38 ×©""×— ××• 7.49 ×©""×—



ğŸ‘‡ğŸ›×”×–××™× ×• ×¢×›×©×™×•ğŸ›ğŸ‘‡
https://s.click.aliexpress.com/e/_oBZ7U4F
×œ×”×¦×˜×¨×¤×•×ª ×œ×¢×¨×•×¥ ×œ×—×¦×• ×¢×œ×™×™ğŸ‘‡ğŸ›ğŸ‘‡
https://t.me/+LlMY8B9soOdhNmZk
××¡×¤×¨ ×¤×¨×™×˜: 1000030"
1000031,https://ae-pic-a1.aliexpress-media.com/kf/S1072b74de75b45b29b45e3c230916b31Y.jpg,ğŸ›’ S14 Plastics Led Bulb E27 220V 110V Warm White 2W 1W Shatterproof Vintage Lamp Bulbs For String Light Outdoor Garden Decoration,14.56,14.38,1%,97%,495,https://s.click.aliexpress.com/e/_oo0N7XH,,ğŸ”¥ ×—×™×™×‘×™× ×œ×¨××•×ª ××ª ×–×”! ğŸ”¥,,"ğŸ”¥ ×—×™×™×‘×™× ×œ×¨××•×ª ××ª ×–×”! ğŸ”¥

ğŸ›’ ğŸ›’ S14 Plastics Led Bulb E27 220V 110V Warm White 2W 1W Shatterproof Vintage Lamp Bulbs For String Light Outdoor Garden Decoration

âœ¨ × ×•×— ×‘××™×•×—×“ ×œ×©×™××•×© ×™×•××™×•××™
ğŸ”§ ××™×›×•×ª ×’×‘×•×”×” ×•×¢××™×“×•×ª ×œ××•×¨×š ×–××Ÿ
ğŸ¨ ××’×™×¢ ×‘××‘×—×¨ ×’×¨×¡××•×ª â€“ ×‘×“×§×• ×‘×§×™×©×•×¨!

ğŸ’° ××—×™×¨ ××‘×¦×¢: 14.38 ×©""×— (××—×™×¨ ××§×•×¨×™: 14.56 ×©""×—)
ğŸ’¸ ×—×™×¡×›×•×Ÿ ×©×œ 1%!
â­ ×“×™×¨×•×’: 97%
ğŸ“¦ 495 ×”×–×× ×•×ª
ğŸšš ××©×œ×•×— ×—×™× × ××¢×œ 38 ×©""×— ××• 7.49 ×©""×—



ğŸ‘‡ğŸ›×”×–××™× ×• ×¢×›×©×™×•ğŸ›ğŸ‘‡
https://s.click.aliexpress.com/e/_oo0N7XH
×œ×”×¦×˜×¨×¤×•×ª ×œ×¢×¨×•×¥ ×œ×—×¦×• ×¢×œ×™×™ğŸ‘‡ğŸ›ğŸ‘‡
https://t.me/+LlMY8B9soOdhNmZk
××¡×¤×¨ ×¤×¨×™×˜: 1000031"
1000032,https://ae-pic-a1.aliexpress-media.com/kf/S98546b841e734700bcf4cb646d8a3bf8M.jpg,ğŸ›’ Motolola Mini Walkie Talkie 16 Channels Professional MT-N1 UHF 400-470MHZ Support USB Charging Match Baofeng Two Way Radio,123.25,44.37,64%,90%,1049,https://s.click.aliexpress.com/e/_omEEQ7v,,ğŸŒŸ ××œ ×ª×¤×¡×¤×¡×• ××ª ×–×”! ğŸŒŸ,,"ğŸŒŸ ××œ ×ª×¤×¡×¤×¡×• ××ª ×–×”! ğŸŒŸ

ğŸ›’ ğŸ›’ Motolola Mini Walkie Talkie 16 Channels Professional MT-N1 UHF 400-470MHZ Support USB Charging Match Baofeng Two Way Radio

âœ¨ × ×•×— ×‘××™×•×—×“ ×œ×©×™××•×© ×™×•××™×•××™
ğŸ”§ ××™×›×•×ª ×’×‘×•×”×” ×•×¢××™×“×•×ª ×œ××•×¨×š ×–××Ÿ
ğŸ¨ ××’×™×¢ ×‘××‘×—×¨ ×’×¨×¡××•×ª â€“ ×‘×“×§×• ×‘×§×™×©×•×¨!

ğŸ’° ××—×™×¨ ××‘×¦×¢: 44.37 ×©""×— (××—×™×¨ ××§×•×¨×™: 123.25 ×©""×—)
ğŸ’¸ ×—×™×¡×›×•×Ÿ ×©×œ 64%!
â­ ×“×™×¨×•×’: 90%
ğŸ“¦ 1049 ×”×–×× ×•×ª
ğŸšš ××©×œ×•×— ×—×™× × ××¢×œ 38 ×©""×— ××• 7.49 ×©""×—



ğŸ‘‡ğŸ›×”×–××™× ×• ×¢×›×©×™×•ğŸ›ğŸ‘‡
https://s.click.aliexpress.com/e/_omEEQ7v
×œ×”×¦×˜×¨×¤×•×ª ×œ×¢×¨×•×¥ ×œ×—×¦×• ×¢×œ×™×™ğŸ‘‡ğŸ›ğŸ‘‡
https://t.me/+LlMY8B9soOdhNmZk
××¡×¤×¨ ×¤×¨×™×˜: 1000032"
1000033,https://ae-pic-a1.aliexpress-media.com/kf/Sa848ffe1e7c042adb4025ce1e00cdddfR.png,ğŸ›’ Automatic Sensor Door Closer Punch-Free Adjustable Surface Door Stopper Automatically Close Door Bracket Closer Home Improvement,12.4,12.4,0%,93%,2621,https://s.click.aliexpress.com/e/_onP559Z,,ğŸ”¥ ×—×™×™×‘×™× ×œ×¨××•×ª ××ª ×–×”! ğŸ”¥,https://video.aliexpress-media.com/play/u/ae_sg_item/239959343/p/1/e/6/t/10301/1100085933372.mp4,"ğŸ”¥ ×—×™×™×‘×™× ×œ×¨××•×ª ××ª ×–×”! ğŸ”¥

ğŸ›’ ğŸ›’ Automatic Sensor Door Closer Punch-Free Adjustable Surface Door Stopper Automatically Close Door Bracket Closer Home Improvement

âœ¨ × ×•×— ×‘××™×•×—×“ ×œ×©×™××•×© ×™×•××™×•××™
ğŸ”§ ××™×›×•×ª ×’×‘×•×”×” ×•×¢××™×“×•×ª ×œ××•×¨×š ×–××Ÿ
ğŸ¨ ××’×™×¢ ×‘××‘×—×¨ ×’×¨×¡××•×ª â€“ ×‘×“×§×• ×‘×§×™×©×•×¨!

ğŸ’° ××—×™×¨ ××‘×¦×¢: 12.4 ×©""×— (××—×™×¨ ××§×•×¨×™: 12.4 ×©""×—)

â­ ×“×™×¨×•×’: 93%
ğŸ“¦ 2621 ×”×–×× ×•×ª
ğŸšš ××©×œ×•×— ×—×™× × ××¢×œ 38 ×©""×— ××• 7.49 ×©""×—



ğŸ‘‡ğŸ›×”×–××™× ×• ×¢×›×©×™×•ğŸ›ğŸ‘‡
https://s.click.aliexpress.com/e/_onP559Z
×œ×”×¦×˜×¨×¤×•×ª ×œ×¢×¨×•×¥ ×œ×—×¦×• ×¢×œ×™×™ğŸ‘‡ğŸ›ğŸ‘‡
https://t.me/+LlMY8B9soOdhNmZk
××¡×¤×¨ ×¤×¨×™×˜: 1000033"
1000034,https://ae-pic-a1.aliexpress-media.com/kf/Sb593d65fa20449bdb7b83cd75d0287cfH.jpg,ğŸ›’ LED Floodlight AC220V 110V 10-300W IP66 Waterproof For Outdoor Wall Garden LED Reflector Street Lamp Wall Flood Lights,38.42,12.68,67%,93%,1519,https://s.click.aliexpress.com/e/_okSSmn1,,ğŸŒŸ ××œ ×ª×¤×¡×¤×¡×• ××ª ×–×”! ğŸŒŸ,,"ğŸŒŸ ××œ ×ª×¤×¡×¤×¡×• ××ª ×–×”! ğŸŒŸ

ğŸ›’ ğŸ›’ LED Floodlight AC220V 110V 10-300W IP66 Waterproof For Outdoor Wall Garden LED Reflector Street Lamp Wall Flood Lights

âœ¨ × ×•×— ×‘××™×•×—×“ ×œ×©×™××•×© ×™×•××™×•××™
ğŸ”§ ××™×›×•×ª ×’×‘×•×”×” ×•×¢××™×“×•×ª ×œ××•×¨×š ×–××Ÿ
ğŸ¨ ××’×™×¢ ×‘××‘×—×¨ ×’×¨×¡××•×ª â€“ ×‘×“×§×• ×‘×§×™×©×•×¨!

ğŸ’° ××—×™×¨ ××‘×¦×¢: 12.68 ×©""×— (××—×™×¨ ××§×•×¨×™: 38.42 ×©""×—)
ğŸ’¸ ×—×™×¡×›×•×Ÿ ×©×œ 67%!
â­ ×“×™×¨×•×’: 93%
ğŸ“¦ 1519 ×”×–×× ×•×ª
ğŸšš ××©×œ×•×— ×—×™× × ××¢×œ 38 ×©""×— ××• 7.49 ×©""×—



ğŸ‘‡ğŸ›×”×–××™× ×• ×¢×›×©×™×•ğŸ›ğŸ‘‡
https://s.click.aliexpress.com/e/_okSSmn1
×œ×”×¦×˜×¨×¤×•×ª ×œ×¢×¨×•×¥ ×œ×—×¦×• ×¢×œ×™×™ğŸ‘‡ğŸ›ğŸ‘‡
https://t.me/+LlMY8B9soOdhNmZk
××¡×¤×¨ ×¤×¨×™×˜: 1000034"
1000035,https://ae-pic-a1.aliexpress-media.com/kf/S8bf2ab8cd412493d87a3c50acc20358aO.jpg,ğŸ›’ Men Shoes Platform Male Sneakers 2024 New Vulcanized Shoes for Men Casual Running Shoes Large Size 45 46 Hot Sapatos Masculinos,124.83,62.35,50%,88%,219,https://s.click.aliexpress.com/e/_olda6Fv,,ğŸ”¥ ×—×™×™×‘×™× ×œ×¨××•×ª ××ª ×–×”! ğŸ”¥,,"ğŸ”¥ ×—×™×™×‘×™× ×œ×¨××•×ª ××ª ×–×”! ğŸ”¥

ğŸ›’ ğŸ›’ Men Shoes Platform Male Sneakers 2024 New Vulcanized Shoes for Men Casual Running Shoes Large Size 45 46 Hot Sapatos Masculinos

âœ¨ × ×•×— ×‘××™×•×—×“ ×œ×©×™××•×© ×™×•××™×•××™
ğŸ”§ ××™×›×•×ª ×’×‘×•×”×” ×•×¢××™×“×•×ª ×œ××•×¨×š ×–××Ÿ
ğŸ¨ ××’×™×¢ ×‘××‘×—×¨ ×’×¨×¡××•×ª â€“ ×‘×“×§×• ×‘×§×™×©×•×¨!

ğŸ’° ××—×™×¨ ××‘×¦×¢: 62.35 ×©""×— (××—×™×¨ ××§×•×¨×™: 124.83 ×©""×—)
ğŸ’¸ ×—×™×¡×›×•×Ÿ ×©×œ 50%!
â­ ×“×™×¨×•×’: 88%
ğŸ“¦ 219 ×”×–×× ×•×ª
ğŸšš ××©×œ×•×— ×—×™× × ××¢×œ 38 ×©""×— ××• 7.49 ×©""×—



ğŸ‘‡ğŸ›×”×–××™× ×• ×¢×›×©×™×•ğŸ›ğŸ‘‡
https://s.click.aliexpress.com/e/_olda6Fv
×œ×”×¦×˜×¨×¤×•×ª ×œ×¢×¨×•×¥ ×œ×—×¦×• ×¢×œ×™×™ğŸ‘‡ğŸ›ğŸ‘‡
https://t.me/+LlMY8B9soOdhNmZk
××¡×¤×¨ ×¤×¨×™×˜: 1000035"
1000036,https://ae-pic-a1.aliexpress-media.com/kf/S5a20485b087646daba893a9f91f4eff0A.jpg,ğŸ›’ 1roll 1-10mm thick Strong adhesion EVA black sponge foam rubber tape anti-collision seal stri Width 5-40mmSound insulation Strip,9.39,9.39,0%,96%,2662,https://s.click.aliexpress.com/e/_okrndun,,ğŸŒŸ ××œ ×ª×¤×¡×¤×¡×• ××ª ×–×”! ğŸŒŸ,,"ğŸŒŸ ××œ ×ª×¤×¡×¤×¡×• ××ª ×–×”! ğŸŒŸ

ğŸ›’ ğŸ›’ 1roll 1-10mm thick Strong adhesion EVA black sponge foam rubber tape anti-collision seal stri Width 5-40mmSound insulation Strip

âœ¨ × ×•×— ×‘××™×•×—×“ ×œ×©×™××•×© ×™×•××™×•××™
ğŸ”§ ××™×›×•×ª ×’×‘×•×”×” ×•×¢××™×“×•×ª ×œ××•×¨×š ×–××Ÿ
ğŸ¨ ××’×™×¢ ×‘××‘×—×¨ ×’×¨×¡××•×ª â€“ ×‘×“×§×• ×‘×§×™×©×•×¨!

ğŸ’° ××—×™×¨ ××‘×¦×¢: 9.39 ×©""×— (××—×™×¨ ××§×•×¨×™: 9.39 ×©""×—)

â­ ×“×™×¨×•×’: 96%
ğŸ“¦ 2662 ×”×–×× ×•×ª
ğŸšš ××©×œ×•×— ×—×™× × ××¢×œ 38 ×©""×— ××• 7.49 ×©""×—



ğŸ‘‡ğŸ›×”×–××™× ×• ×¢×›×©×™×•ğŸ›ğŸ‘‡
https://s.click.aliexpress.com/e/_okrndun
×œ×”×¦×˜×¨×¤×•×ª ×œ×¢×¨×•×¥ ×œ×—×¦×• ×¢×œ×™×™ğŸ‘‡ğŸ›ğŸ‘‡
https://t.me/+LlMY8B9soOdhNmZk
××¡×¤×¨ ×¤×¨×™×˜: 1000036"
1000037,https://ae-pic-a1.aliexpress-media.com/kf/S092a7e3a3246493ea8b24655826d022ae.jpg,ğŸ›’ Brooks Glycerin Max Neutral Running & Walking Shoe MenÂ’s&WomenÂ’s,438.73,205.99,53%,92%,895,https://s.click.aliexpress.com/e/_okP0n8J,,ğŸ”¥ ×—×™×™×‘×™× ×œ×¨××•×ª ××ª ×–×”! ğŸ”¥,,"ğŸ”¥ ×—×™×™×‘×™× ×œ×¨××•×ª ××ª ×–×”! ğŸ”¥

ğŸ›’ ğŸ›’ Brooks Glycerin Max Neutral Running & Walking Shoe MenÂ’s&WomenÂ’s

âœ¨ × ×•×— ×‘××™×•×—×“ ×œ×©×™××•×© ×™×•××™×•××™
ğŸ”§ ××™×›×•×ª ×’×‘×•×”×” ×•×¢××™×“×•×ª ×œ××•×¨×š ×–××Ÿ
ğŸ¨ ××’×™×¢ ×‘××‘×—×¨ ×’×¨×¡××•×ª â€“ ×‘×“×§×• ×‘×§×™×©×•×¨!

ğŸ’° ××—×™×¨ ××‘×¦×¢: 205.99 ×©""×— (××—×™×¨ ××§×•×¨×™: 438.73 ×©""×—)
ğŸ’¸ ×—×™×¡×›×•×Ÿ ×©×œ 53%!
â­ ×“×™×¨×•×’: 92%
ğŸ“¦ 895 ×”×–×× ×•×ª
ğŸšš ××©×œ×•×— ×—×™× × ××¢×œ 38 ×©""×— ××• 7.49 ×©""×—



ğŸ‘‡ğŸ›×”×–××™× ×• ×¢×›×©×™×•ğŸ›ğŸ‘‡
https://s.click.aliexpress.com/e/_okP0n8J
×œ×”×¦×˜×¨×¤×•×ª ×œ×¢×¨×•×¥ ×œ×—×¦×• ×¢×œ×™×™ğŸ‘‡ğŸ›ğŸ‘‡
https://t.me/+LlMY8B9soOdhNmZk
××¡×¤×¨ ×¤×¨×™×˜: 1000037"
1000038,https://ae-pic-a1.aliexpress-media.com/kf/S43587a9c806f41b087baef12d7bd8f8f8.jpg,ğŸ›’ Men's Fashionable Slippers for Home and Outdoor Waterproof Non-Slip Slip-On Fashionable Versatile Slippers,75.81,37.1,51%,94%,2049,https://s.click.aliexpress.com/e/_onWew2J,,ğŸŒŸ ××œ ×ª×¤×¡×¤×¡×• ××ª ×–×”! ğŸŒŸ,,"ğŸŒŸ ××œ ×ª×¤×¡×¤×¡×• ××ª ×–×”! ğŸŒŸ

ğŸ›’ ğŸ›’ Men's Fashionable Slippers for Home and Outdoor Waterproof Non-Slip Slip-On Fashionable Versatile Slippers

âœ¨ × ×•×— ×‘××™×•×—×“ ×œ×©×™××•×© ×™×•××™×•××™
ğŸ”§ ××™×›×•×ª ×’×‘×•×”×” ×•×¢××™×“×•×ª ×œ××•×¨×š ×–××Ÿ
ğŸ¨ ××’×™×¢ ×‘××‘×—×¨ ×’×¨×¡××•×ª â€“ ×‘×“×§×• ×‘×§×™×©×•×¨!

ğŸ’° ××—×™×¨ ××‘×¦×¢: 37.1 ×©""×— (××—×™×¨ ××§×•×¨×™: 75.81 ×©""×—)
ğŸ’¸ ×—×™×¡×›×•×Ÿ ×©×œ 51%!
â­ ×“×™×¨×•×’: 94%
ğŸ“¦ 2049 ×”×–×× ×•×ª
ğŸšš ××©×œ×•×— ×—×™× × ××¢×œ 38 ×©""×— ××• 7.49 ×©""×—



ğŸ‘‡ğŸ›×”×–××™× ×• ×¢×›×©×™×•ğŸ›ğŸ‘‡
https://s.click.aliexpress.com/e/_onWew2J
×œ×”×¦×˜×¨×¤×•×ª ×œ×¢×¨×•×¥ ×œ×—×¦×• ×¢×œ×™×™ğŸ‘‡ğŸ›ğŸ‘‡
https://t.me/+LlMY8B9soOdhNmZk
××¡×¤×¨ ×¤×¨×™×˜: 1000038"
1000039,https://ae-pic-a1.aliexpress-media.com/kf/Sd43c803fec0247589014180f82346b8ak.jpg,ğŸ›’ BAOFENG DMR DM32 DM-32 Digital Walkie Talkie GPS Dual Mode Analog Dual Time Slot Air Band APRS Digital Call For UV-32 Ham Radio,446.42,209.82,53%,94%,321,https://s.click.aliexpress.com/e/_oBpxnkf,,ğŸ”¥ ×—×™×™×‘×™× ×œ×¨××•×ª ××ª ×–×”! ğŸ”¥,,"ğŸ”¥ ×—×™×™×‘×™× ×œ×¨××•×ª ××ª ×–×”! ğŸ”¥

ğŸ›’ ğŸ›’ BAOFENG DMR DM32 DM-32 Digital Walkie Talkie GPS Dual Mode Analog Dual Time Slot Air Band APRS Digital Call For UV-32 Ham Radio

âœ¨ × ×•×— ×‘××™×•×—×“ ×œ×©×™××•×© ×™×•××™×•××™
ğŸ”§ ××™×›×•×ª ×’×‘×•×”×” ×•×¢××™×“×•×ª ×œ××•×¨×š ×–××Ÿ
ğŸ¨ ××’×™×¢ ×‘××‘×—×¨ ×’×¨×¡××•×ª â€“ ×‘×“×§×• ×‘×§×™×©×•×¨!

ğŸ’° ××—×™×¨ ××‘×¦×¢: 209.82 ×©""×— (××—×™×¨ ××§×•×¨×™: 446.42 ×©""×—)
ğŸ’¸ ×—×™×¡×›×•×Ÿ ×©×œ 53%!
â­ ×“×™×¨×•×’: 94%
ğŸ“¦ 321 ×”×–×× ×•×ª
ğŸšš ××©×œ×•×— ×—×™× × ××¢×œ 38 ×©""×— ××• 7.49 ×©""×—



ğŸ‘‡ğŸ›×”×–××™× ×• ×¢×›×©×™×•ğŸ›ğŸ‘‡
https://s.click.aliexpress.com/e/_oBpxnkf
×œ×”×¦×˜×¨×¤×•×ª ×œ×¢×¨×•×¥ ×œ×—×¦×• ×¢×œ×™×™ğŸ‘‡ğŸ›ğŸ‘‡
https://t.me/+LlMY8B9soOdhNmZk
××¡×¤×¨ ×¤×¨×™×˜: 1000039"
1000040,https://ae-pic-a1.aliexpress-media.com/kf/Hf97545a0fd034777aacd47702e37b6c9n.jpg,ğŸ›’ 10X10 CM Floor Drains Black/Chrome Brass Shower Floor Drain Bathroom Deodorant Square Floor Drain Strainer Cover Grate Waste,46.74,46.74,0%,100%,192,https://s.click.aliexpress.com/e/_oFB7Kzd,,ğŸŒŸ ××œ ×ª×¤×¡×¤×¡×• ××ª ×–×”! ğŸŒŸ,,"ğŸŒŸ ××œ ×ª×¤×¡×¤×¡×• ××ª ×–×”! ğŸŒŸ

ğŸ›’ ğŸ›’ 10X10 CM Floor Drains Black/Chrome Brass Shower Floor Drain Bathroom Deodorant Square Floor Drain Strainer Cover Grate Waste

âœ¨ × ×•×— ×‘××™×•×—×“ ×œ×©×™××•×© ×™×•××™×•××™
ğŸ”§ ××™×›×•×ª ×’×‘×•×”×” ×•×¢××™×“×•×ª ×œ××•×¨×š ×–××Ÿ
ğŸ¨ ××’×™×¢ ×‘××‘×—×¨ ×’×¨×¡××•×ª â€“ ×‘×“×§×• ×‘×§×™×©×•×¨!

ğŸ’° ××—×™×¨ ××‘×¦×¢: 46.74 ×©""×— (××—×™×¨ ××§×•×¨×™: 46.74 ×©""×—)

â­ ×“×™×¨×•×’: 100%
ğŸ“¦ 192 ×”×–×× ×•×ª
ğŸšš ××©×œ×•×— ×—×™× × ××¢×œ 38 ×©""×— ××• 7.49 ×©""×—



ğŸ‘‡ğŸ›×”×–××™× ×• ×¢×›×©×™×•ğŸ›ğŸ‘‡
https://s.click.aliexpress.com/e/_oFB7Kzd
×œ×”×¦×˜×¨×¤×•×ª ×œ×¢×¨×•×¥ ×œ×—×¦×• ×¢×œ×™×™ğŸ‘‡ğŸ›ğŸ‘‡
https://t.me/+LlMY8B9soOdhNmZk
××¡×¤×¨ ×¤×¨×™×˜: 1000040"
1000041,https://ae-pic-a1.aliexpress-media.com/kf/S475ef0cb1afa4e65b94c6b192b1bbb95n.jpg,ğŸ›’ Latest Version Wellsim Pro Single Side Adhesive Universal Card Sticker For Iphone 6 To Iphone 15 Pro Max Stable Unlock Sticker,97.92,34.27,65%,94%,699,https://s.click.aliexpress.com/e/_oBtZTiL,,ğŸ”¥ ×—×™×™×‘×™× ×œ×¨××•×ª ××ª ×–×”! ğŸ”¥,,"ğŸ”¥ ×—×™×™×‘×™× ×œ×¨××•×ª ××ª ×–×”! ğŸ”¥

ğŸ›’ ğŸ›’ Latest Version Wellsim Pro Single Side Adhesive Universal Card Sticker For Iphone 6 To Iphone 15 Pro Max Stable Unlock Sticker

âœ¨ × ×•×— ×‘××™×•×—×“ ×œ×©×™××•×© ×™×•××™×•××™
ğŸ”§ ××™×›×•×ª ×’×‘×•×”×” ×•×¢××™×“×•×ª ×œ××•×¨×š ×–××Ÿ
ğŸ¨ ××’×™×¢ ×‘××‘×—×¨ ×’×¨×¡××•×ª â€“ ×‘×“×§×• ×‘×§×™×©×•×¨!

ğŸ’° ××—×™×¨ ××‘×¦×¢: 34.27 ×©""×— (××—×™×¨ ××§×•×¨×™: 97.92 ×©""×—)
ğŸ’¸ ×—×™×¡×›×•×Ÿ ×©×œ 65%!
â­ ×“×™×¨×•×’: 94%
ğŸ“¦ 699 ×”×–×× ×•×ª
ğŸšš ××©×œ×•×— ×—×™× × ××¢×œ 38 ×©""×— ××• 7.49 ×©""×—



ğŸ‘‡ğŸ›×”×–××™× ×• ×¢×›×©×™×•ğŸ›ğŸ‘‡
https://s.click.aliexpress.com/e/_oBtZTiL
×œ×”×¦×˜×¨×¤×•×ª ×œ×¢×¨×•×¥ ×œ×—×¦×• ×¢×œ×™×™ğŸ‘‡ğŸ›ğŸ‘‡
https://t.me/+LlMY8B9soOdhNmZk
××¡×¤×¨ ×¤×¨×™×˜: 1000041"
1000042,https://ae-pic-a1.aliexpress-media.com/kf/Sc884928cc4d54bdc915731887438c247B.jpg,ğŸ›’ Luxury Designer Women Sandals 2025 New Woven with Comfortable Women's Sandals Casual Bottom Summer Flat Woman Slippers,70.94,34.05,52%,92%,4508,https://s.click.aliexpress.com/e/_ok8dKgF,,ğŸŒŸ ××œ ×ª×¤×¡×¤×¡×• ××ª ×–×”! ğŸŒŸ,,"ğŸŒŸ ××œ ×ª×¤×¡×¤×¡×• ××ª ×–×”! ğŸŒŸ

ğŸ›’ ğŸ›’ Luxury Designer Women Sandals 2025 New Woven with Comfortable Women's Sandals Casual Bottom Summer Flat Woman Slippers

âœ¨ × ×•×— ×‘××™×•×—×“ ×œ×©×™××•×© ×™×•××™×•××™
ğŸ”§ ××™×›×•×ª ×’×‘×•×”×” ×•×¢××™×“×•×ª ×œ××•×¨×š ×–××Ÿ
ğŸ¨ ××’×™×¢ ×‘××‘×—×¨ ×’×¨×¡××•×ª â€“ ×‘×“×§×• ×‘×§×™×©×•×¨!

ğŸ’° ××—×™×¨ ××‘×¦×¢: 34.05 ×©""×— (××—×™×¨ ××§×•×¨×™: 70.94 ×©""×—)
ğŸ’¸ ×—×™×¡×›×•×Ÿ ×©×œ 52%!
â­ ×“×™×¨×•×’: 92%
ğŸ“¦ 4508 ×”×–×× ×•×ª
ğŸšš ××©×œ×•×— ×—×™× × ××¢×œ 38 ×©""×— ××• 7.49 ×©""×—



ğŸ‘‡ğŸ›×”×–××™× ×• ×¢×›×©×™×•ğŸ›ğŸ‘‡
https://s.click.aliexpress.com/e/_ok8dKgF
×œ×”×¦×˜×¨×¤×•×ª ×œ×¢×¨×•×¥ ×œ×—×¦×• ×¢×œ×™×™ğŸ‘‡ğŸ›ğŸ‘‡
https://t.me/+LlMY8B9soOdhNmZk
××¡×¤×¨ ×¤×¨×™×˜: 1000042"
1000043,https://ae-pic-a1.aliexpress-media.com/kf/S5e6bd20098a249cebe9af6d856cc5d18E.jpg,ğŸ›’ Itsok T388 Long Range walkie talkie for Kids FRS Free Licience Two Way Radio,123.86,38.15,69%,90%,3680,https://s.click.aliexpress.com/e/_oEEiUmB,,ğŸ”¥ ×—×™×™×‘×™× ×œ×¨××•×ª ××ª ×–×”! ğŸ”¥,,"ğŸ”¥ ×—×™×™×‘×™× ×œ×¨××•×ª ××ª ×–×”! ğŸ”¥

ğŸ›’ ğŸ›’ Itsok T388 Long Range walkie talkie for Kids FRS Free Licience Two Way Radio

âœ¨ × ×•×— ×‘××™×•×—×“ ×œ×©×™××•×© ×™×•××™×•××™
ğŸ”§ ××™×›×•×ª ×’×‘×•×”×” ×•×¢××™×“×•×ª ×œ××•×¨×š ×–××Ÿ
ğŸ¨ ××’×™×¢ ×‘××‘×—×¨ ×’×¨×¡××•×ª â€“ ×‘×“×§×• ×‘×§×™×©×•×¨!

ğŸ’° ××—×™×¨ ××‘×¦×¢: 38.15 ×©""×— (××—×™×¨ ××§×•×¨×™: 123.86 ×©""×—)
ğŸ’¸ ×—×™×¡×›×•×Ÿ ×©×œ 69%!
â­ ×“×™×¨×•×’: 90%
ğŸ“¦ 3680 ×”×–×× ×•×ª
ğŸšš ××©×œ×•×— ×—×™× × ××¢×œ 38 ×©""×— ××• 7.49 ×©""×—



ğŸ‘‡ğŸ›×”×–××™× ×• ×¢×›×©×™×•ğŸ›ğŸ‘‡
https://s.click.aliexpress.com/e/_oEEiUmB
×œ×”×¦×˜×¨×¤×•×ª ×œ×¢×¨×•×¥ ×œ×—×¦×• ×¢×œ×™×™ğŸ‘‡ğŸ›ğŸ‘‡
https://t.me/+LlMY8B9soOdhNmZk
××¡×¤×¨ ×¤×¨×™×˜: 1000043"
1000044,https://ae-pic-a1.aliexpress-media.com/kf/S9711857a22c34f9b835316c1d4666187O.jpg,ğŸ›’ 27/38/48cm Aquarium Plant Tweezers Multifuctional Stainless Steel Elbow Tweezers Fish Tank Aquascape Tools Aquarium Feeding Tong,9.85,9.64,2%,90%,2012,https://s.click.aliexpress.com/e/_onsXx3N,,ğŸŒŸ ××œ ×ª×¤×¡×¤×¡×• ××ª ×–×”! ğŸŒŸ,,"ğŸŒŸ ××œ ×ª×¤×¡×¤×¡×• ××ª ×–×”! ğŸŒŸ

ğŸ›’ ğŸ›’ 27/38/48cm Aquarium Plant Tweezers Multifuctional Stainless Steel Elbow Tweezers Fish Tank Aquascape Tools Aquarium Feeding Tong

âœ¨ × ×•×— ×‘××™×•×—×“ ×œ×©×™××•×© ×™×•××™×•××™
ğŸ”§ ××™×›×•×ª ×’×‘×•×”×” ×•×¢××™×“×•×ª ×œ××•×¨×š ×–××Ÿ
ğŸ¨ ××’×™×¢ ×‘××‘×—×¨ ×’×¨×¡××•×ª â€“ ×‘×“×§×• ×‘×§×™×©×•×¨!

ğŸ’° ××—×™×¨ ××‘×¦×¢: 9.64 ×©""×— (××—×™×¨ ××§×•×¨×™: 9.85 ×©""×—)
ğŸ’¸ ×—×™×¡×›×•×Ÿ ×©×œ 2%!
â­ ×“×™×¨×•×’: 90%
ğŸ“¦ 2012 ×”×–×× ×•×ª
ğŸšš ××©×œ×•×— ×—×™× × ××¢×œ 38 ×©""×— ××• 7.49 ×©""×—



ğŸ‘‡ğŸ›×”×–××™× ×• ×¢×›×©×™×•ğŸ›ğŸ‘‡
https://s.click.aliexpress.com/e/_onsXx3N
×œ×”×¦×˜×¨×¤×•×ª ×œ×¢×¨×•×¥ ×œ×—×¦×• ×¢×œ×™×™ğŸ‘‡ğŸ›ğŸ‘‡
https://t.me/+LlMY8B9soOdhNmZk
××¡×¤×¨ ×¤×¨×™×˜: 1000044"
1000045,https://ae-pic-a1.aliexpress-media.com/kf/Sdb6265c21e9046adb49045495f586e42g.jpg,ğŸ›’ Summer Men Sandals Genuine Leather Mens Casual Shoes Outdoor Men Leather Sandals for Men Beach Shoes Roman Shoes Plus Size 38-48,144.77,62.25,57%,91%,5214,https://s.click.aliexpress.com/e/_ooEDNUB,,ğŸ”¥ ×—×™×™×‘×™× ×œ×¨××•×ª ××ª ×–×”! ğŸ”¥,,"ğŸ”¥ ×—×™×™×‘×™× ×œ×¨××•×ª ××ª ×–×”! ğŸ”¥

ğŸ›’ ğŸ›’ Summer Men Sandals Genuine Leather Mens Casual Shoes Outdoor Men Leather Sandals for Men Beach Shoes Roman Shoes Plus Size 38-48

âœ¨ × ×•×— ×‘××™×•×—×“ ×œ×©×™××•×© ×™×•××™×•××™
ğŸ”§ ××™×›×•×ª ×’×‘×•×”×” ×•×¢××™×“×•×ª ×œ××•×¨×š ×–××Ÿ
ğŸ¨ ××’×™×¢ ×‘××‘×—×¨ ×’×¨×¡××•×ª â€“ ×‘×“×§×• ×‘×§×™×©×•×¨!

ğŸ’° ××—×™×¨ ××‘×¦×¢: 62.25 ×©""×— (××—×™×¨ ××§×•×¨×™: 144.77 ×©""×—)
ğŸ’¸ ×—×™×¡×›×•×Ÿ ×©×œ 57%!
â­ ×“×™×¨×•×’: 91%
ğŸ“¦ 5214 ×”×–×× ×•×ª
ğŸšš ××©×œ×•×— ×—×™× × ××¢×œ 38 ×©""×— ××• 7.49 ×©""×—



ğŸ‘‡ğŸ›×”×–××™× ×• ×¢×›×©×™×•ğŸ›ğŸ‘‡
https://s.click.aliexpress.com/e/_ooEDNUB
×œ×”×¦×˜×¨×¤×•×ª ×œ×¢×¨×•×¥ ×œ×—×¦×• ×¢×œ×™×™ğŸ‘‡ğŸ›ğŸ‘‡
https://t.me/+LlMY8B9soOdhNmZk
××¡×¤×¨ ×¤×¨×™×˜: 1000045"
1000046,https://ae-pic-a1.aliexpress-media.com/kf/Se41b16200d91422d9cbc257ecd91f270l.jpg,ğŸ›’ 2025 New Men's Massage Slippers Indoor Outdoor Sandals Beach Comfortable Soft Slides Clogs Casual Shoes Men Women Home Slippers,54.02,46.93,13%,94%,6777,https://s.click.aliexpress.com/e/_oF0VwVH,,ğŸŒŸ ××œ ×ª×¤×¡×¤×¡×• ××ª ×–×”! ğŸŒŸ,,"ğŸŒŸ ××œ ×ª×¤×¡×¤×¡×• ××ª ×–×”! ğŸŒŸ

ğŸ›’ ğŸ›’ 2025 New Men's Massage Slippers Indoor Outdoor Sandals Beach Comfortable Soft Slides Clogs Casual Shoes Men Women Home Slippers

âœ¨ × ×•×— ×‘××™×•×—×“ ×œ×©×™××•×© ×™×•××™×•××™
ğŸ”§ ××™×›×•×ª ×’×‘×•×”×” ×•×¢××™×“×•×ª ×œ××•×¨×š ×–××Ÿ
ğŸ¨ ××’×™×¢ ×‘××‘×—×¨ ×’×¨×¡××•×ª â€“ ×‘×“×§×• ×‘×§×™×©×•×¨!

ğŸ’° ××—×™×¨ ××‘×¦×¢: 46.93 ×©""×— (××—×™×¨ ××§×•×¨×™: 54.02 ×©""×—)
ğŸ’¸ ×—×™×¡×›×•×Ÿ ×©×œ 13%!
â­ ×“×™×¨×•×’: 94%
ğŸ“¦ 6777 ×”×–×× ×•×ª
ğŸšš ××©×œ×•×— ×—×™× × ××¢×œ 38 ×©""×— ××• 7.49 ×©""×—



ğŸ‘‡ğŸ›×”×–××™× ×• ×¢×›×©×™×•ğŸ›ğŸ‘‡
https://s.click.aliexpress.com/e/_oF0VwVH
×œ×”×¦×˜×¨×¤×•×ª ×œ×¢×¨×•×¥ ×œ×—×¦×• ×¢×œ×™×™ğŸ‘‡ğŸ›ğŸ‘‡
https://t.me/+LlMY8B9soOdhNmZk
××¡×¤×¨ ×¤×¨×™×˜: 1000046"
1000047,https://ae-pic-a1.aliexpress-media.com/kf/S113eb610eb3d49b39484eff19ce2d637u.jpg,ğŸ›’ 304 Stainless steel Lunch box with Tableware for Adults Kids Leakproof Lunch Container Portable Grids Bento Box Food Containers,131.76,44.8,66%,91%,710,https://s.click.aliexpress.com/e/_oEzzert,,ğŸ”¥ ×—×™×™×‘×™× ×œ×¨××•×ª ××ª ×–×”! ğŸ”¥,,"ğŸ”¥ ×—×™×™×‘×™× ×œ×¨××•×ª ××ª ×–×”! ğŸ”¥

ğŸ›’ ğŸ›’ 304 Stainless steel Lunch box with Tableware for Adults Kids Leakproof Lunch Container Portable Grids Bento Box Food Containers

âœ¨ × ×•×— ×‘××™×•×—×“ ×œ×©×™××•×© ×™×•××™×•××™
ğŸ”§ ××™×›×•×ª ×’×‘×•×”×” ×•×¢××™×“×•×ª ×œ××•×¨×š ×–××Ÿ
ğŸ¨ ××’×™×¢ ×‘××‘×—×¨ ×’×¨×¡××•×ª â€“ ×‘×“×§×• ×‘×§×™×©×•×¨!

ğŸ’° ××—×™×¨ ××‘×¦×¢: 44.8 ×©""×— (××—×™×¨ ××§×•×¨×™: 131.76 ×©""×—)
ğŸ’¸ ×—×™×¡×›×•×Ÿ ×©×œ 66%!
â­ ×“×™×¨×•×’: 91%
ğŸ“¦ 710 ×”×–×× ×•×ª
ğŸšš ××©×œ×•×— ×—×™× × ××¢×œ 38 ×©""×— ××• 7.49 ×©""×—



ğŸ‘‡ğŸ›×”×–××™× ×• ×¢×›×©×™×•ğŸ›ğŸ‘‡
https://s.click.aliexpress.com/e/_oEzzert
×œ×”×¦×˜×¨×¤×•×ª ×œ×¢×¨×•×¥ ×œ×—×¦×• ×¢×œ×™×™ğŸ‘‡ğŸ›ğŸ‘‡
https://t.me/+LlMY8B9soOdhNmZk
××¡×¤×¨ ×¤×¨×™×˜: 1000047"
1000048,https://ae-pic-a1.aliexpress-media.com/kf/Sb7c0d6d8f2884c329f5283cae670d454N.jpg,ğŸ›’ Genixgreen DIY Twisted Cord Lamp Base Rope Electrical Wire 2 Core 2M 3M E27 EU Plug Plastic Socket Vintage ON OFF Switch Cable,12.78,12.61,1%,99%,361,https://s.click.aliexpress.com/e/_ooQV8OR,,ğŸŒŸ ××œ ×ª×¤×¡×¤×¡×• ××ª ×–×”! ğŸŒŸ,,"ğŸŒŸ ××œ ×ª×¤×¡×¤×¡×• ××ª ×–×”! ğŸŒŸ

ğŸ›’ ğŸ›’ Genixgreen DIY Twisted Cord Lamp Base Rope Electrical Wire 2 Core 2M 3M E27 EU Plug Plastic Socket Vintage ON OFF Switch Cable

âœ¨ × ×•×— ×‘××™×•×—×“ ×œ×©×™××•×© ×™×•××™×•××™
ğŸ”§ ××™×›×•×ª ×’×‘×•×”×” ×•×¢××™×“×•×ª ×œ××•×¨×š ×–××Ÿ
ğŸ¨ ××’×™×¢ ×‘××‘×—×¨ ×’×¨×¡××•×ª â€“ ×‘×“×§×• ×‘×§×™×©×•×¨!

ğŸ’° ××—×™×¨ ××‘×¦×¢: 12.61 ×©""×— (××—×™×¨ ××§×•×¨×™: 12.78 ×©""×—)
ğŸ’¸ ×—×™×¡×›×•×Ÿ ×©×œ 1%!
â­ ×“×™×¨×•×’: 99%
ğŸ“¦ 361 ×”×–×× ×•×ª
ğŸšš ××©×œ×•×— ×—×™× × ××¢×œ 38 ×©""×— ××• 7.49 ×©""×—



ğŸ‘‡ğŸ›×”×–××™× ×• ×¢×›×©×™×•ğŸ›ğŸ‘‡
https://s.click.aliexpress.com/e/_ooQV8OR
×œ×”×¦×˜×¨×¤×•×ª ×œ×¢×¨×•×¥ ×œ×—×¦×• ×¢×œ×™×™ğŸ‘‡ğŸ›ğŸ‘‡
https://t.me/+LlMY8B9soOdhNmZk
××¡×¤×¨ ×¤×¨×™×˜: 1000048"
1000049,https://ae-pic-a1.aliexpress-media.com/kf/S4983d515963546bf9efa100d9d4c4269c.jpg,ğŸ›’ Micro Drip Irrigation System Portable 20M Automatic Watering with Adjustable Drippers Misting Watering Kits Garden Hose,15.49,15.49,0%,94%,2673,https://s.click.aliexpress.com/e/_oCyuZCJ,,ğŸ”¥ ×—×™×™×‘×™× ×œ×¨××•×ª ××ª ×–×”! ğŸ”¥,,"ğŸ”¥ ×—×™×™×‘×™× ×œ×¨××•×ª ××ª ×–×”! ğŸ”¥

ğŸ›’ ğŸ›’ Micro Drip Irrigation System Portable 20M Automatic Watering with Adjustable Drippers Misting Watering Kits Garden Hose

âœ¨ × ×•×— ×‘××™×•×—×“ ×œ×©×™××•×© ×™×•××™×•××™
ğŸ”§ ××™×›×•×ª ×’×‘×•×”×” ×•×¢××™×“×•×ª ×œ××•×¨×š ×–××Ÿ
ğŸ¨ ××’×™×¢ ×‘××‘×—×¨ ×’×¨×¡××•×ª â€“ ×‘×“×§×• ×‘×§×™×©×•×¨!

ğŸ’° ××—×™×¨ ××‘×¦×¢: 15.49 ×©""×— (××—×™×¨ ××§×•×¨×™: 15.49 ×©""×—)

â­ ×“×™×¨×•×’: 94%
ğŸ“¦ 2673 ×”×–×× ×•×ª
ğŸšš ××©×œ×•×— ×—×™× × ××¢×œ 38 ×©""×— ××• 7.49 ×©""×—



ğŸ‘‡ğŸ›×”×–××™× ×• ×¢×›×©×™×•ğŸ›ğŸ‘‡
https://s.click.aliexpress.com/e/_oCyuZCJ
×œ×”×¦×˜×¨×¤×•×ª ×œ×¢×¨×•×¥ ×œ×—×¦×• ×¢×œ×™×™ğŸ‘‡ğŸ›ğŸ‘‡
https://t.me/+LlMY8B9soOdhNmZk
××¡×¤×¨ ×¤×¨×™×˜: 1000049"
1000050,https://ae-pic-a1.aliexpress-media.com/kf/S6fd1104a1b01480cac74f6800ab60b6f1.jpg,ğŸ›’ Smart Sunset Lamp Tuya LED Night Ligh USB RGB Smart Life APP Remote Projection For Room Decoration Photography Festival Birth,95.17,33.31,65%,91%,1371,https://s.click.aliexpress.com/e/_oEYFFLl,,ğŸŒŸ ××œ ×ª×¤×¡×¤×¡×• ××ª ×–×”! ğŸŒŸ,https://video.aliexpress-media.com/play/u/ae_sg_item/2675472700/p/1/e/6/t/10301/1100192851340.mp4,"ğŸŒŸ ××œ ×ª×¤×¡×¤×¡×• ××ª ×–×”! ğŸŒŸ

ğŸ›’ ğŸ›’ Smart Sunset Lamp Tuya LED Night Ligh USB RGB Smart Life APP Remote Projection For Room Decoration Photography Festival Birth

âœ¨ × ×•×— ×‘××™×•×—×“ ×œ×©×™××•×© ×™×•××™×•××™
ğŸ”§ ××™×›×•×ª ×’×‘×•×”×” ×•×¢××™×“×•×ª ×œ××•×¨×š ×–××Ÿ
ğŸ¨ ××’×™×¢ ×‘××‘×—×¨ ×’×¨×¡××•×ª â€“ ×‘×“×§×• ×‘×§×™×©×•×¨!

ğŸ’° ××—×™×¨ ××‘×¦×¢: 33.31 ×©""×— (××—×™×¨ ××§×•×¨×™: 95.17 ×©""×—)
ğŸ’¸ ×—×™×¡×›×•×Ÿ ×©×œ 65%!
â­ ×“×™×¨×•×’: 91%
ğŸ“¦ 1371 ×”×–×× ×•×ª
ğŸšš ××©×œ×•×— ×—×™× × ××¢×œ 38 ×©""×— ××• 7.49 ×©""×—



ğŸ‘‡ğŸ›×”×–××™× ×• ×¢×›×©×™×•ğŸ›ğŸ‘‡
https://s.click.aliexpress.com/e/_oEYFFLl
×œ×”×¦×˜×¨×¤×•×ª ×œ×¢×¨×•×¥ ×œ×—×¦×• ×¢×œ×™×™ğŸ‘‡ğŸ›ğŸ‘‡
https://t.me/+LlMY8B9soOdhNmZk
××¡×¤×¨ ×¤×¨×™×˜: 1000050"
1000051,https://ae-pic-a1.aliexpress-media.com/kf/S4cad661647454aa3b6174a3dc6a6c8d1i.jpg,ğŸ›’ Men's Sport Slippers Summer Sandals Thick Sole Beach Flip-flops Flats Outdoor Breathable Sneaker Size 40-49 Big Fat,106.48,52.17,51%,89%,625,https://s.click.aliexpress.com/e/_olY24cj,,ğŸ”¥ ×—×™×™×‘×™× ×œ×¨××•×ª ××ª ×–×”! ğŸ”¥,,"ğŸ”¥ ×—×™×™×‘×™× ×œ×¨××•×ª ××ª ×–×”! ğŸ”¥

ğŸ›’ ğŸ›’ Men's Sport Slippers Summer Sandals Thick Sole Beach Flip-flops Flats Outdoor Breathable Sneaker Size 40-49 Big Fat

âœ¨ × ×•×— ×‘××™×•×—×“ ×œ×©×™××•×© ×™×•××™×•××™
ğŸ”§ ××™×›×•×ª ×’×‘×•×”×” ×•×¢××™×“×•×ª ×œ××•×¨×š ×–××Ÿ
ğŸ¨ ××’×™×¢ ×‘××‘×—×¨ ×’×¨×¡××•×ª â€“ ×‘×“×§×• ×‘×§×™×©×•×¨!

ğŸ’° ××—×™×¨ ××‘×¦×¢: 52.17 ×©""×— (××—×™×¨ ××§×•×¨×™: 106.48 ×©""×—)
ğŸ’¸ ×—×™×¡×›×•×Ÿ ×©×œ 51%!
â­ ×“×™×¨×•×’: 89%
ğŸ“¦ 625 ×”×–×× ×•×ª
ğŸšš ××©×œ×•×— ×—×™× × ××¢×œ 38 ×©""×— ××• 7.49 ×©""×—



ğŸ‘‡ğŸ›×”×–××™× ×• ×¢×›×©×™×•ğŸ›ğŸ‘‡
https://s.click.aliexpress.com/e/_olY24cj
×œ×”×¦×˜×¨×¤×•×ª ×œ×¢×¨×•×¥ ×œ×—×¦×• ×¢×œ×™×™ğŸ‘‡ğŸ›ğŸ‘‡
https://t.me/+LlMY8B9soOdhNmZk
××¡×¤×¨ ×¤×¨×™×˜: 1000051"
