ProductId,Image Url,Video Url,Product Desc,Origin Price,Discount Price,×”× ×—×”,Currency,Direct linking commission rate (%),Estimated direct linking commission,Indirect linking commission rate (%),Estimated indirect linking commission,Sales180Day,Positive Feedback,Promotion Url,Code Name,Code Start Time,Code End Time,Code Value,Code Quantity,Code Minimum Spend,××¡×¤×¨ ×¤×¨×™×˜,×¤×•×¡×˜,×¤×ª×™×— ××•×ª××
1005010000000000.0,https://ae-pic-a1.aliexpress-media.com/kf/Sf27e69397e964fc2ae86df098f208f6dS.jpg,,Cordless Digital Aquarium Thermometer LED Display Electronic Fish Tank Water Temperature Measurement Control Temp Meter Gauge,ILS 22.80,ILS 22.39,1%,ILS,10,ILS 2.24,7,ILS 1.57,730,96.4,https://s.click.aliexpress.com/e/_oCqOmKr,,,,,,,1000000,"ğŸ”§ ×§×˜×Ÿ ×‘×’×•×“×œ â€“ ×’×“×•×œ ×‘×¤×ª×¨×•×Ÿ!

ğŸ› Cordless Digital Aquarium Thermometer LED Display Electronic Fish Tank Water Temperature Measurement Control Temp Meter Gauge

××—×™×¨ ××‘×¦×¢: [ILS 22.39 ×©""×—](https://s.click.aliexpress.com/e/_oCqOmKr) (××—×™×¨ ××§×•×¨×™: ILS 22.80 ×©""×—)
ğŸ’¸ ×—×¡×›×ª×: 1%
â­ ×“×™×¨×•×’: 964%
×”×•×–××Ÿ ×›×‘×¨ 730 ×¤×¢××™×
ğŸšš ××©×œ×•×— ×—×™× × ×‘×”×–×× ×•×ª ××¢×œ 38 â‚ª ××• 7.49 â‚ª


×œ×”×–×× ×” ××”×™×¨×” ×œ×—×¦×• ×›××ŸğŸ‘‰ https://s.click.aliexpress.com/e/_oCqOmKr

××¡×¤×¨ ×¤×¨×™×˜: 1000000
×œ×”×¦×˜×¨×¤×•×ª ×œ×¢×¨×•×¥ ×œ×—×¦×• ×¢×œ×™×™ğŸ‘‰ https://t.me/+LCv-Xuy6z9RjY2I0

ğŸ“¸ https://ae-pic-a1.aliexpress-media.com/kf/Sf27e69397e964fc2ae86df098f208f6dS.jpg
",ğŸ”¥ ××•×¦×¨ ×©×—×™×™×‘×™× ×œ×”×›×™×¨: Cordless Digital Aquarium Thermometer LED Display Electronic Fish Tank Water Temperature Measurement Control Temp Meter Gauge
1005010000000000.0,https://ae-pic-a1.aliexpress-media.com/kf/Sdc4af6d0111640f6bc43ff630ef759bbN.jpg,,TUYA smartlife 1- 63A TOMZN 1P+N WIFI Smart Switch Energy Meter Kwh Metering Monitoring Circuit Breaker Timer Relay MCB,ILS 45.64,ILS 45.64,0%,ILS,8,ILS 3.65,7,ILS 3.19,1043,95.9,https://s.click.aliexpress.com/e/_opXUyKP,,,,,,,1000001,"ğŸ”Œ ×—×•×¡×š ×–××Ÿ ×•×›×¡×£ â€“ ××•××œ×¥!

ğŸ› TUYA smartlife 1- 63A TOMZN 1P+N WIFI Smart Switch Energy Meter Kwh Metering Monitoring Circuit Breaker Timer Relay MCB

××—×™×¨ ××‘×¦×¢: [ILS 45.64 ×©""×—](https://s.click.aliexpress.com/e/_opXUyKP) (××—×™×¨ ××§×•×¨×™: ILS 45.64 ×©""×—)

â­ ×“×™×¨×•×’: 959%
×”×•×–××Ÿ ×›×‘×¨ 1043 ×¤×¢××™×
ğŸšš ××©×œ×•×— ×—×™× × ×‘×”×–×× ×•×ª ××¢×œ 38 â‚ª ××• 7.49 â‚ª


×œ×”×–×× ×” ××”×™×¨×” ×œ×—×¦×• ×›××ŸğŸ‘‰ https://s.click.aliexpress.com/e/_opXUyKP

××¡×¤×¨ ×¤×¨×™×˜: 1000001
×œ×”×¦×˜×¨×¤×•×ª ×œ×¢×¨×•×¥ ×œ×—×¦×• ×¢×œ×™×™ğŸ‘‰ https://t.me/+LCv-Xuy6z9RjY2I0

ğŸ“¸ https://ae-pic-a1.aliexpress-media.com/kf/Sdc4af6d0111640f6bc43ff630ef759bbN.jpg
",ğŸ”¥ ××•×¦×¨ ×©×—×™×™×‘×™× ×œ×”×›×™×¨: TUYA smartlife 1- 63A TOMZN 1P+N WIFI Smart Switch Energy Meter Kwh Metering Monitoring Circuit Breaker Timer Relay MCB
1005010000000000.0,https://ae-pic-a1.aliexpress-media.com/kf/S63dab1a6d7124cfd851c02fb72941febt.jpg,,"Safety shoes for men and women, breathable work sports shoes, steel toe shoes, puncture resistant safety protection shoes",ILS 194.75,ILS 77.71,60%,ILS,7,ILS 5.44,7,ILS 5.44,1027,93.8,https://s.click.aliexpress.com/e/_okYgnYP,,,,,,,1000002,"âœ¨ ×¤×ª×¨×•×Ÿ ×—×›× ×œ×‘×™×ª ×©×œ×š! âœ¨

ğŸ› Safety shoes for men and women, breathable work sports shoes, steel toe shoes, puncture resistant safety protection shoes

××—×™×¨ ××‘×¦×¢: [ILS 77.71 ×©""×—](https://s.click.aliexpress.com/e/_okYgnYP) (××—×™×¨ ××§×•×¨×™: ILS 194.75 ×©""×—)
ğŸ’¸ ×—×¡×›×ª×: 60%
â­ ×“×™×¨×•×’: 938%
×”×•×–××Ÿ ×›×‘×¨ 1027 ×¤×¢××™×
ğŸšš ××©×œ×•×— ×—×™× × ×‘×”×–×× ×•×ª ××¢×œ 38 â‚ª ××• 7.49 â‚ª


×œ×”×–×× ×” ××”×™×¨×” ×œ×—×¦×• ×›××ŸğŸ‘‰ https://s.click.aliexpress.com/e/_okYgnYP

××¡×¤×¨ ×¤×¨×™×˜: 1000002
×œ×”×¦×˜×¨×¤×•×ª ×œ×¢×¨×•×¥ ×œ×—×¦×• ×¢×œ×™×™ğŸ‘‰ https://t.me/+LCv-Xuy6z9RjY2I0

ğŸ“¸ https://ae-pic-a1.aliexpress-media.com/kf/S63dab1a6d7124cfd851c02fb72941febt.jpg
","ğŸ†• ×”×’×™×¢ ×œ×¨××©×•× ×” â€“ Safety shoes for men and women, breathable work sports shoes, steel toe shoes, puncture resistant safety protection shoes"
1005010000000000.0,https://ae-pic-a1.aliexpress-media.com/kf/S39ddd8af9fcc4ab5989beee57bc39ba58.jpg,,5pcs Colorful Butterfly Lights Braids Wig Women Party Hair Accessories Random Color,ILS 19.32,ILS 9.66,50%,ILS,7,ILS 0.68,7,ILS 0.68,9152,95.1,https://s.click.aliexpress.com/e/_oEaJZF5,,,,,,,1000003,"ğŸš— ×©×“×¨×•×’ ××•×©×œ× ×œ×¨×›×‘ ×©×œ×š!

ğŸ› 5pcs Colorful Butterfly Lights Braids Wig Women Party Hair Accessories Random Color

××—×™×¨ ××‘×¦×¢: [ILS 9.66 ×©""×—](https://s.click.aliexpress.com/e/_oEaJZF5) (××—×™×¨ ××§×•×¨×™: ILS 19.32 ×©""×—)
ğŸ’¸ ×—×¡×›×ª×: 50%
â­ ×“×™×¨×•×’: 951%
×”×•×–××Ÿ ×›×‘×¨ 9152 ×¤×¢××™×
ğŸšš ××©×œ×•×— ×—×™× × ×‘×”×–×× ×•×ª ××¢×œ 38 â‚ª ××• 7.49 â‚ª


×œ×”×–×× ×” ××”×™×¨×” ×œ×—×¦×• ×›××ŸğŸ‘‰ https://s.click.aliexpress.com/e/_oEaJZF5

××¡×¤×¨ ×¤×¨×™×˜: 1000003
×œ×”×¦×˜×¨×¤×•×ª ×œ×¢×¨×•×¥ ×œ×—×¦×• ×¢×œ×™×™ğŸ‘‰ https://t.me/+LCv-Xuy6z9RjY2I0

ğŸ“¸ https://ae-pic-a1.aliexpress-media.com/kf/S39ddd8af9fcc4ab5989beee57bc39ba58.jpg
",ğŸ¯ ××œ ×ª×¤×¡×¤×¡×• ××ª ×–×” â€“ 5pcs Colorful Butterfly Lights Braids Wig Women Party Hair Accessories Random Color
1005010000000000.0,https://ae-pic-a1.aliexpress-media.com/kf/Sd1b4d865c30041619e5679fd36416994K.jpg,,YRZL Men Shoes Spring Autumn Waterproof Walking Sneakers Leisure Male Leather Sports Shoes Non-Slip Footwear Tennis for Men,ILS 130.93,ILS 56.24,57%,ILS,7,ILS 3.94,7,ILS 3.94,928,87.8,https://s.click.aliexpress.com/e/_oB1GHKL,,,,,,,1000004,"ğŸš— ×©×“×¨×•×’ ××•×©×œ× ×œ×¨×›×‘ ×©×œ×š!

ğŸ› YRZL Men Shoes Spring Autumn Waterproof Walking Sneakers Leisure Male Leather Sports Shoes Non-Slip Footwear Tennis for Men

××—×™×¨ ××‘×¦×¢: [ILS 56.24 ×©""×—](https://s.click.aliexpress.com/e/_oB1GHKL) (××—×™×¨ ××§×•×¨×™: ILS 130.93 ×©""×—)
ğŸ’¸ ×—×¡×›×ª×: 57%
â­ ×“×™×¨×•×’: 878%
×”×•×–××Ÿ ×›×‘×¨ 928 ×¤×¢××™×
ğŸšš ××©×œ×•×— ×—×™× × ×‘×”×–×× ×•×ª ××¢×œ 38 â‚ª ××• 7.49 â‚ª


×œ×”×–×× ×” ××”×™×¨×” ×œ×—×¦×• ×›××ŸğŸ‘‰ https://s.click.aliexpress.com/e/_oB1GHKL

××¡×¤×¨ ×¤×¨×™×˜: 1000004
×œ×”×¦×˜×¨×¤×•×ª ×œ×¢×¨×•×¥ ×œ×—×¦×• ×¢×œ×™×™ğŸ‘‰ https://t.me/+LCv-Xuy6z9RjY2I0

ğŸ“¸ https://ae-pic-a1.aliexpress-media.com/kf/Sd1b4d865c30041619e5679fd36416994K.jpg
",ğŸ†• ×”×’×™×¢ ×œ×¨××©×•× ×” â€“ YRZL Men Shoes Spring Autumn Waterproof Walking Sneakers Leisure Male Leather Sports Shoes Non-Slip Footwear Tennis for Men
1005010000000000.0,https://ae-pic-a1.aliexpress-media.com/kf/S0d7c69f54b484381816684f4fd90571fC.jpg,,1PC Customized custom custom photo plush pillow personalized pet picture cushion - the best gift choice,ILS 55.70,ILS 27.85,50%,ILS,7,ILS 1.95,7,ILS 1.95,398,95.0,https://s.click.aliexpress.com/e/_omqTpr9,,,,,,,1000005,"ğŸª› ×”×›×œ×™ ×”×§×˜×Ÿ ×©×™×¤×ª×•×¨ ×œ×›× ×‘×¢×™×” ×’×“×•×œ×”!

ğŸ› 1PC Customized custom custom photo plush pillow personalized pet picture cushion - the best gift choice

××—×™×¨ ××‘×¦×¢: [ILS 27.85 ×©""×—](https://s.click.aliexpress.com/e/_omqTpr9) (××—×™×¨ ××§×•×¨×™: ILS 55.70 ×©""×—)
ğŸ’¸ ×—×¡×›×ª×: 50%
â­ ×“×™×¨×•×’: 950%
×”×•×–××Ÿ ×›×‘×¨ 398 ×¤×¢××™×
ğŸšš ××©×œ×•×— ×—×™× × ×‘×”×–×× ×•×ª ××¢×œ 38 â‚ª ××• 7.49 â‚ª


×œ×”×–×× ×” ××”×™×¨×” ×œ×—×¦×• ×›××ŸğŸ‘‰ https://s.click.aliexpress.com/e/_omqTpr9

××¡×¤×¨ ×¤×¨×™×˜: 1000005
×œ×”×¦×˜×¨×¤×•×ª ×œ×¢×¨×•×¥ ×œ×—×¦×• ×¢×œ×™×™ğŸ‘‰ https://t.me/+LCv-Xuy6z9RjY2I0

ğŸ“¸ https://ae-pic-a1.aliexpress-media.com/kf/S0d7c69f54b484381816684f4fd90571fC.jpg
",ğŸ¯ ××œ ×ª×¤×¡×¤×¡×• ××ª ×–×” â€“ 1PC Customized custom custom photo plush pillow personalized pet picture cushion - the best gift choice
1005010000000000.0,https://ae-pic-a1.aliexpress-media.com/kf/Se5ccd7975162446698858e7ad25a93dfd.png,https://video.aliexpress-media.com/play/u/ae_sg_item/2672424327/p/1/e/6/t/10301/1100201292653.mp4,Foldable Gripper Extender Hand Tools Litter Reachers Picker Portable Collapsible Garbage Grabber Pick Up Tools with Non-Slip Jaw,ILS 120.00,ILS 37.13,69%,ILS,7,ILS 2.60,7,ILS 2.60,1024,98.9,https://s.click.aliexpress.com/e/_ok8Shht,,,,,,,1000006,"ğŸª› ×”×›×œ×™ ×”×§×˜×Ÿ ×©×™×¤×ª×•×¨ ×œ×›× ×‘×¢×™×” ×’×“×•×œ×”!

ğŸ› Foldable Gripper Extender Hand Tools Litter Reachers Picker Portable Collapsible Garbage Grabber Pick Up Tools with Non-Slip Jaw

××—×™×¨ ××‘×¦×¢: [ILS 37.13 ×©""×—](https://s.click.aliexpress.com/e/_ok8Shht) (××—×™×¨ ××§×•×¨×™: ILS 120.00 ×©""×—)
ğŸ’¸ ×—×¡×›×ª×: 69%
â­ ×“×™×¨×•×’: 989%
×”×•×–××Ÿ ×›×‘×¨ 1024 ×¤×¢××™×
ğŸšš ××©×œ×•×— ×—×™× × ×‘×”×–×× ×•×ª ××¢×œ 38 â‚ª ××• 7.49 â‚ª


×œ×”×–×× ×” ××”×™×¨×” ×œ×—×¦×• ×›××ŸğŸ‘‰ https://s.click.aliexpress.com/e/_ok8Shht

××¡×¤×¨ ×¤×¨×™×˜: 1000006
×œ×”×¦×˜×¨×¤×•×ª ×œ×¢×¨×•×¥ ×œ×—×¦×• ×¢×œ×™×™ğŸ‘‰ https://t.me/+LCv-Xuy6z9RjY2I0

ğŸ“¸ https://ae-pic-a1.aliexpress-media.com/kf/Se5ccd7975162446698858e7ad25a93dfd.png
",ğŸ¯ ××œ ×ª×¤×¡×¤×¡×• ××ª ×–×” â€“ Foldable Gripper Extender Hand Tools Litter Reachers Picker Portable Collapsible Garbage Grabber Pick Up Tools with Non-Slip Jaw
1005010000000000.0,https://ae-pic-a1.aliexpress-media.com/kf/Scdf07757f85c4dd78ab1c47bb8828c3aG.jpg,,HTB-GS-03 Gigabit Fiber Optical Media Converter 10/100/1000Mbps Single Mode to RJ45 3KM/20KM UPC/APC SC-Port US Power Supply,ILS 78.16,ILS 27.35,65%,ILS,7,ILS 1.91,7,ILS 1.91,272,94.0,https://s.click.aliexpress.com/e/_on8tDGJ,,,,,,,1000007,"ğŸ“¦ ××•×¦×¨ ×©×™××•×©×™ ×‘××—×™×¨ ××¤×ª×™×¢!

ğŸ› HTB-GS-03 Gigabit Fiber Optical Media Converter 10/100/1000Mbps Single Mode to RJ45 3KM/20KM UPC/APC SC-Port US Power Supply

××—×™×¨ ××‘×¦×¢: [ILS 27.35 ×©""×—](https://s.click.aliexpress.com/e/_on8tDGJ) (××—×™×¨ ××§×•×¨×™: ILS 78.16 ×©""×—)
ğŸ’¸ ×—×¡×›×ª×: 65%
â­ ×“×™×¨×•×’: 940%
×”×•×–××Ÿ ×›×‘×¨ 272 ×¤×¢××™×
ğŸšš ××©×œ×•×— ×—×™× × ×‘×”×–×× ×•×ª ××¢×œ 38 â‚ª ××• 7.49 â‚ª


×œ×”×–×× ×” ××”×™×¨×” ×œ×—×¦×• ×›××ŸğŸ‘‰ https://s.click.aliexpress.com/e/_on8tDGJ

××¡×¤×¨ ×¤×¨×™×˜: 1000007
×œ×”×¦×˜×¨×¤×•×ª ×œ×¢×¨×•×¥ ×œ×—×¦×• ×¢×œ×™×™ğŸ‘‰ https://t.me/+LCv-Xuy6z9RjY2I0

ğŸ“¸ https://ae-pic-a1.aliexpress-media.com/kf/Scdf07757f85c4dd78ab1c47bb8828c3aG.jpg
",âœ¨ ×”×—×™×“×•×© ×©××ª× ×—×™×™×‘×™× ×‘×‘×™×ª â€“ HTB-GS-03 Gigabit Fiber Optical Media Converter 10/100/1000Mbps Single Mode to RJ45 3KM/20KM UPC/APC SC-Port US Power Supply
1005010000000000.0,https://ae-pic-a1.aliexpress-media.com/kf/S5271a2facb5b4fb2a281be3d7b0dd2eb6.jpg,,Large screen showerhead 3-speed mode portable shower shower accessories showers for bathroom items knobs full heads set parts,ILS 10.56,ILS 10.56,0%,ILS,10,ILS 1.06,7,ILS 0.74,872,94.5,https://s.click.aliexpress.com/e/_okWizLN,,,,,,,1000008,"ğŸš— ×©×“×¨×•×’ ××•×©×œ× ×œ×¨×›×‘ ×©×œ×š!

ğŸ› Large screen showerhead 3-speed mode portable shower shower accessories showers for bathroom items knobs full heads set parts

××—×™×¨ ××‘×¦×¢: [ILS 10.56 ×©""×—](https://s.click.aliexpress.com/e/_okWizLN) (××—×™×¨ ××§×•×¨×™: ILS 10.56 ×©""×—)

â­ ×“×™×¨×•×’: 945%
×”×•×–××Ÿ ×›×‘×¨ 872 ×¤×¢××™×
ğŸšš ××©×œ×•×— ×—×™× × ×‘×”×–×× ×•×ª ××¢×œ 38 â‚ª ××• 7.49 â‚ª


×œ×”×–×× ×” ××”×™×¨×” ×œ×—×¦×• ×›××ŸğŸ‘‰ https://s.click.aliexpress.com/e/_okWizLN

××¡×¤×¨ ×¤×¨×™×˜: 1000008
×œ×”×¦×˜×¨×¤×•×ª ×œ×¢×¨×•×¥ ×œ×—×¦×• ×¢×œ×™×™ğŸ‘‰ https://t.me/+LCv-Xuy6z9RjY2I0

ğŸ“¸ https://ae-pic-a1.aliexpress-media.com/kf/S5271a2facb5b4fb2a281be3d7b0dd2eb6.jpg
",ğŸ¯ ××œ ×ª×¤×¡×¤×¡×• ××ª ×–×” â€“ Large screen showerhead 3-speed mode portable shower shower accessories showers for bathroom items knobs full heads set parts
1005010000000000.0,https://ae-pic-a1.aliexpress-media.com/kf/S9858aa7078a64603b92b0691d013ccd3S.jpg,,Rolling Knife Sharpener Magnetic Knife Holder Diamond Sharpening Stone Kit with 15 and 20 Degrees Angle Roller Kitchen Accessory,ILS 37.26,ILS 17.89,52%,ILS,7,ILS 1.25,7,ILS 1.25,3479,92.0,https://s.click.aliexpress.com/e/_opqsrsP,,,,,,,1000009,"ğŸ’¡ ××™×š ×œ× ×—×©×‘×• ×¢×œ ×–×” ×§×•×“×?

ğŸ› Rolling Knife Sharpener Magnetic Knife Holder Diamond Sharpening Stone Kit with 15 and 20 Degrees Angle Roller Kitchen Accessory

××—×™×¨ ××‘×¦×¢: [ILS 17.89 ×©""×—](https://s.click.aliexpress.com/e/_opqsrsP) (××—×™×¨ ××§×•×¨×™: ILS 37.26 ×©""×—)
ğŸ’¸ ×—×¡×›×ª×: 52%
â­ ×“×™×¨×•×’: 920%
×”×•×–××Ÿ ×›×‘×¨ 3479 ×¤×¢××™×
ğŸšš ××©×œ×•×— ×—×™× × ×‘×”×–×× ×•×ª ××¢×œ 38 â‚ª ××• 7.49 â‚ª


×œ×”×–×× ×” ××”×™×¨×” ×œ×—×¦×• ×›××ŸğŸ‘‰ https://s.click.aliexpress.com/e/_opqsrsP

××¡×¤×¨ ×¤×¨×™×˜: 1000009
×œ×”×¦×˜×¨×¤×•×ª ×œ×¢×¨×•×¥ ×œ×—×¦×• ×¢×œ×™×™ğŸ‘‰ https://t.me/+LCv-Xuy6z9RjY2I0

ğŸ“¸ https://ae-pic-a1.aliexpress-media.com/kf/S9858aa7078a64603b92b0691d013ccd3S.jpg
",â­ ×›×•×œ× ××“×‘×¨×™× ×¢×œ ×–×” â€“ Rolling Knife Sharpener Magnetic Knife Holder Diamond Sharpening Stone Kit with 15 and 20 Degrees Angle Roller Kitchen Accessory
1005010000000000.0,https://ae-pic-a1.aliexpress-media.com/kf/Sb1c4a4c48441420a9b8eb9f303890251Z.jpg,,MHW-3BOMBER Dosing Funnel Set 51mm 53/54mm 58mm Double Filter Espresso Puck Screen Kit Stainless Steel Dosing Ring Barista Tools,ILS 108.22,ILS 99.61,7%,ILS,8,ILS 7.97,7,ILS 6.97,197,98.5,https://s.click.aliexpress.com/e/_oFBDHij,,,,,,,1000010,"ğŸª› ×”×›×œ×™ ×”×§×˜×Ÿ ×©×™×¤×ª×•×¨ ×œ×›× ×‘×¢×™×” ×’×“×•×œ×”!

ğŸ› MHW-3BOMBER Dosing Funnel Set 51mm 53/54mm 58mm Double Filter Espresso Puck Screen Kit Stainless Steel Dosing Ring Barista Tools

××—×™×¨ ××‘×¦×¢: [ILS 99.61 ×©""×—](https://s.click.aliexpress.com/e/_oFBDHij) (××—×™×¨ ××§×•×¨×™: ILS 108.22 ×©""×—)
ğŸ’¸ ×—×¡×›×ª×: 7%
â­ ×“×™×¨×•×’: 985%
×”×•×–××Ÿ ×›×‘×¨ 197 ×¤×¢××™×
ğŸšš ××©×œ×•×— ×—×™× × ×‘×”×–×× ×•×ª ××¢×œ 38 â‚ª ××• 7.49 â‚ª


×œ×”×–×× ×” ××”×™×¨×” ×œ×—×¦×• ×›××ŸğŸ‘‰ https://s.click.aliexpress.com/e/_oFBDHij

××¡×¤×¨ ×¤×¨×™×˜: 1000010
×œ×”×¦×˜×¨×¤×•×ª ×œ×¢×¨×•×¥ ×œ×—×¦×• ×¢×œ×™×™ğŸ‘‰ https://t.me/+LCv-Xuy6z9RjY2I0

ğŸ“¸ https://ae-pic-a1.aliexpress-media.com/kf/Sb1c4a4c48441420a9b8eb9f303890251Z.jpg
",ğŸ†• ×”×’×™×¢ ×œ×¨××©×•× ×” â€“ MHW-3BOMBER Dosing Funnel Set 51mm 53/54mm 58mm Double Filter Espresso Puck Screen Kit Stainless Steel Dosing Ring Barista Tools
1005010000000000.0,https://ae-pic-a1.aliexpress-media.com/kf/Scf17a2670d594fc788b74c6917d5e0c06.jpg,,Aquarium Fish Tank Oxygen Pump Charging Dual-Purpose Air Pump Usb Lithium Battery Household Portable Fishing Mute 6000mA Outdoor,ILS 117.06,ILS 37.46,68%,ILS,7,ILS 2.62,7,ILS 2.62,2352,92.1,https://s.click.aliexpress.com/e/_oDC43tp,,,,,,,1000011,"ğŸ’¡ ××™×š ×œ× ×—×©×‘×• ×¢×œ ×–×” ×§×•×“×?

ğŸ› Aquarium Fish Tank Oxygen Pump Charging Dual-Purpose Air Pump Usb Lithium Battery Household Portable Fishing Mute 6000mA Outdoor

××—×™×¨ ××‘×¦×¢: [ILS 37.46 ×©""×—](https://s.click.aliexpress.com/e/_oDC43tp) (××—×™×¨ ××§×•×¨×™: ILS 117.06 ×©""×—)
ğŸ’¸ ×—×¡×›×ª×: 68%
â­ ×“×™×¨×•×’: 921%
×”×•×–××Ÿ ×›×‘×¨ 2352 ×¤×¢××™×
ğŸšš ××©×œ×•×— ×—×™× × ×‘×”×–×× ×•×ª ××¢×œ 38 â‚ª ××• 7.49 â‚ª


×œ×”×–×× ×” ××”×™×¨×” ×œ×—×¦×• ×›××ŸğŸ‘‰ https://s.click.aliexpress.com/e/_oDC43tp

××¡×¤×¨ ×¤×¨×™×˜: 1000011
×œ×”×¦×˜×¨×¤×•×ª ×œ×¢×¨×•×¥ ×œ×—×¦×• ×¢×œ×™×™ğŸ‘‰ https://t.me/+LCv-Xuy6z9RjY2I0

ğŸ“¸ https://ae-pic-a1.aliexpress-media.com/kf/Scf17a2670d594fc788b74c6917d5e0c06.jpg
",âœ¨ ×”×—×™×“×•×© ×©××ª× ×—×™×™×‘×™× ×‘×‘×™×ª â€“ Aquarium Fish Tank Oxygen Pump Charging Dual-Purpose Air Pump Usb Lithium Battery Household Portable Fishing Mute 6000mA Outdoor
1005010000000000.0,https://ae-pic-a1.aliexpress-media.com/kf/Sa16ece0525574981acf8129bae79f155t.jpg,,Women Sneakers 2025 New Spring Autumn Brand Luxury Vulcanize Shoes Casual Footwear Zapatillas Mujer Light Flat Breathable Shoes,ILS 133.43,ILS 64.05,52%,ILS,7,ILS 4.48,7,ILS 4.48,2773,86.6,https://s.click.aliexpress.com/e/_opCvstd,,,,,,,1000012,"ğŸ’¡ ××™×š ×œ× ×—×©×‘×• ×¢×œ ×–×” ×§×•×“×?

ğŸ› Women Sneakers 2025 New Spring Autumn Brand Luxury Vulcanize Shoes Casual Footwear Zapatillas Mujer Light Flat Breathable Shoes

××—×™×¨ ××‘×¦×¢: [ILS 64.05 ×©""×—](https://s.click.aliexpress.com/e/_opCvstd) (××—×™×¨ ××§×•×¨×™: ILS 133.43 ×©""×—)
ğŸ’¸ ×—×¡×›×ª×: 52%
â­ ×“×™×¨×•×’: 866%
×”×•×–××Ÿ ×›×‘×¨ 2773 ×¤×¢××™×
ğŸšš ××©×œ×•×— ×—×™× × ×‘×”×–×× ×•×ª ××¢×œ 38 â‚ª ××• 7.49 â‚ª


×œ×”×–×× ×” ××”×™×¨×” ×œ×—×¦×• ×›××ŸğŸ‘‰ https://s.click.aliexpress.com/e/_opCvstd

××¡×¤×¨ ×¤×¨×™×˜: 1000012
×œ×”×¦×˜×¨×¤×•×ª ×œ×¢×¨×•×¥ ×œ×—×¦×• ×¢×œ×™×™ğŸ‘‰ https://t.me/+LCv-Xuy6z9RjY2I0

ğŸ“¸ https://ae-pic-a1.aliexpress-media.com/kf/Sa16ece0525574981acf8129bae79f155t.jpg
",â­ ×›×•×œ× ××“×‘×¨×™× ×¢×œ ×–×” â€“ Women Sneakers 2025 New Spring Autumn Brand Luxury Vulcanize Shoes Casual Footwear Zapatillas Mujer Light Flat Breathable Shoes
1005010000000000.0,https://ae-pic-a1.aliexpress-media.com/kf/Sef47a08a3cd346cc895ede6d412d9a6c6.jpg,,8L Portable Folding Washing Machine Bucket for Clothes Socks Underwear Cleaning Washer Portable Small Travel Washing Machine,ILS 94.97,ILS 46.53,51%,ILS,7,ILS 3.26,7,ILS 3.26,686,91.1,https://s.click.aliexpress.com/e/_oF36efh,,,,,,,1000013,"ğŸ ××ª× ×” × ×”×“×¨×ª ×‘××—×™×¨ ×§×˜×Ÿ!

ğŸ› 8L Portable Folding Washing Machine Bucket for Clothes Socks Underwear Cleaning Washer Portable Small Travel Washing Machine

××—×™×¨ ××‘×¦×¢: [ILS 46.53 ×©""×—](https://s.click.aliexpress.com/e/_oF36efh) (××—×™×¨ ××§×•×¨×™: ILS 94.97 ×©""×—)
ğŸ’¸ ×—×¡×›×ª×: 51%
â­ ×“×™×¨×•×’: 911%
×”×•×–××Ÿ ×›×‘×¨ 686 ×¤×¢××™×
ğŸšš ××©×œ×•×— ×—×™× × ×‘×”×–×× ×•×ª ××¢×œ 38 â‚ª ××• 7.49 â‚ª


×œ×”×–×× ×” ××”×™×¨×” ×œ×—×¦×• ×›××ŸğŸ‘‰ https://s.click.aliexpress.com/e/_oF36efh

××¡×¤×¨ ×¤×¨×™×˜: 1000013
×œ×”×¦×˜×¨×¤×•×ª ×œ×¢×¨×•×¥ ×œ×—×¦×• ×¢×œ×™×™ğŸ‘‰ https://t.me/+LCv-Xuy6z9RjY2I0

ğŸ“¸ https://ae-pic-a1.aliexpress-media.com/kf/Sef47a08a3cd346cc895ede6d412d9a6c6.jpg
",â­ ×›×•×œ× ××“×‘×¨×™× ×¢×œ ×–×” â€“ 8L Portable Folding Washing Machine Bucket for Clothes Socks Underwear Cleaning Washer Portable Small Travel Washing Machine
1005010000000000.0,https://ae-pic-a1.aliexpress-media.com/kf/S8a0080beeafb4df0b050820450613ea3Y.png,,Technical Retro Car Model Bricks 1458pcs Building Blocks Set 2in1 Race Classic Model Kit for Adults and Teens Toys Birthday Gift,ILS 270.25,ILS 117.00,56%,ILS,7,ILS 8.19,7,ILS 8.19,1204,94.9,https://s.click.aliexpress.com/e/_olDlzkB,,,,,,,1000014,"ğŸ§° ×’××“×’'×˜ ×©×›×œ ××—×“ ×¦×¨×™×š ×‘×‘×™×ª!

ğŸ› Technical Retro Car Model Bricks 1458pcs Building Blocks Set 2in1 Race Classic Model Kit for Adults and Teens Toys Birthday Gift

××—×™×¨ ××‘×¦×¢: [ILS 117.00 ×©""×—](https://s.click.aliexpress.com/e/_olDlzkB) (××—×™×¨ ××§×•×¨×™: ILS 270.25 ×©""×—)
ğŸ’¸ ×—×¡×›×ª×: 56%
â­ ×“×™×¨×•×’: 949%
×”×•×–××Ÿ ×›×‘×¨ 1204 ×¤×¢××™×
ğŸšš ××©×œ×•×— ×—×™× × ×‘×”×–×× ×•×ª ××¢×œ 38 â‚ª ××• 7.49 â‚ª


×œ×”×–×× ×” ××”×™×¨×” ×œ×—×¦×• ×›××ŸğŸ‘‰ https://s.click.aliexpress.com/e/_olDlzkB

××¡×¤×¨ ×¤×¨×™×˜: 1000014
×œ×”×¦×˜×¨×¤×•×ª ×œ×¢×¨×•×¥ ×œ×—×¦×• ×¢×œ×™×™ğŸ‘‰ https://t.me/+LCv-Xuy6z9RjY2I0

ğŸ“¸ https://ae-pic-a1.aliexpress-media.com/kf/S8a0080beeafb4df0b050820450613ea3Y.png
",ğŸ”¥ ××•×¦×¨ ×©×—×™×™×‘×™× ×œ×”×›×™×¨: Technical Retro Car Model Bricks 1458pcs Building Blocks Set 2in1 Race Classic Model Kit for Adults and Teens Toys Birthday Gift
1005010000000000.0,https://ae-pic-a1.aliexpress-media.com/kf/S459fa486867e421ab646c0eb3e7a3a24q.jpg,,LED Table Lamp Touch Sensor Dimmable Desktop Night Light Rechargeable Wireless Reading Lamp for Hotel Bar Bedroom Decor Light,ILS 120.54,ILS 40.99,66%,ILS,7,ILS 2.87,7,ILS 2.87,562,87.9,https://s.click.aliexpress.com/e/_oCNFWGT,,,,,,,1000015,"ğŸš— ×©×“×¨×•×’ ××•×©×œ× ×œ×¨×›×‘ ×©×œ×š!

ğŸ› LED Table Lamp Touch Sensor Dimmable Desktop Night Light Rechargeable Wireless Reading Lamp for Hotel Bar Bedroom Decor Light

××—×™×¨ ××‘×¦×¢: [ILS 40.99 ×©""×—](https://s.click.aliexpress.com/e/_oCNFWGT) (××—×™×¨ ××§×•×¨×™: ILS 120.54 ×©""×—)
ğŸ’¸ ×—×¡×›×ª×: 66%
â­ ×“×™×¨×•×’: 879%
×”×•×–××Ÿ ×›×‘×¨ 562 ×¤×¢××™×
ğŸšš ××©×œ×•×— ×—×™× × ×‘×”×–×× ×•×ª ××¢×œ 38 â‚ª ××• 7.49 â‚ª


×œ×”×–×× ×” ××”×™×¨×” ×œ×—×¦×• ×›××ŸğŸ‘‰ https://s.click.aliexpress.com/e/_oCNFWGT

××¡×¤×¨ ×¤×¨×™×˜: 1000015
×œ×”×¦×˜×¨×¤×•×ª ×œ×¢×¨×•×¥ ×œ×—×¦×• ×¢×œ×™×™ğŸ‘‰ https://t.me/+LCv-Xuy6z9RjY2I0

ğŸ“¸ https://ae-pic-a1.aliexpress-media.com/kf/S459fa486867e421ab646c0eb3e7a3a24q.jpg
",âœ¨ ×”×—×™×“×•×© ×©××ª× ×—×™×™×‘×™× ×‘×‘×™×ª â€“ LED Table Lamp Touch Sensor Dimmable Desktop Night Light Rechargeable Wireless Reading Lamp for Hotel Bar Bedroom Decor Light
1005010000000000.0,https://ae-pic-a1.aliexpress-media.com/kf/S96ed5a2b2e774e1e936803da5177a0a2n.jpg,,"Women's summer breathable mesh flat shoes women's shoes casual sports shoes, clearance free shipping",ILS 94.74,ILS 42.63,55%,ILS,7,ILS 2.98,7,ILS 2.98,3778,95.1,https://s.click.aliexpress.com/e/_om6Pi31,,,,,,,1000016,"ğŸ“¦ ××•×¦×¨ ×©×™××•×©×™ ×‘××—×™×¨ ××¤×ª×™×¢!

ğŸ› Women's summer breathable mesh flat shoes women's shoes casual sports shoes, clearance free shipping

××—×™×¨ ××‘×¦×¢: [ILS 42.63 ×©""×—](https://s.click.aliexpress.com/e/_om6Pi31) (××—×™×¨ ××§×•×¨×™: ILS 94.74 ×©""×—)
ğŸ’¸ ×—×¡×›×ª×: 55%
â­ ×“×™×¨×•×’: 951%
×”×•×–××Ÿ ×›×‘×¨ 3778 ×¤×¢××™×
ğŸšš ××©×œ×•×— ×—×™× × ×‘×”×–×× ×•×ª ××¢×œ 38 â‚ª ××• 7.49 â‚ª


×œ×”×–×× ×” ××”×™×¨×” ×œ×—×¦×• ×›××ŸğŸ‘‰ https://s.click.aliexpress.com/e/_om6Pi31

××¡×¤×¨ ×¤×¨×™×˜: 1000016
×œ×”×¦×˜×¨×¤×•×ª ×œ×¢×¨×•×¥ ×œ×—×¦×• ×¢×œ×™×™ğŸ‘‰ https://t.me/+LCv-Xuy6z9RjY2I0

ğŸ“¸ https://ae-pic-a1.aliexpress-media.com/kf/S96ed5a2b2e774e1e936803da5177a0a2n.jpg
","â­ ×›×•×œ× ××“×‘×¨×™× ×¢×œ ×–×” â€“ Women's summer breathable mesh flat shoes women's shoes casual sports shoes, clearance free shipping"
1005010000000000.0,https://ae-pic-a1.aliexpress-media.com/kf/Sf5f982319f0149dd8ec179229fea473dR.jpg,https://video.aliexpress-media.com/play/u/ae_sg_item/220030030/p/1/e/6/t/10301/1100026772832.mp4,BM310 Small Mobile Phones Unlocked Bluetooth Earphone Telephone Low Radiation Automatic Call Recording Dual SIM Small Cell Phone,ILS 57.42,ILS 39.04,32%,ILS,3,ILS 1.17,3,ILS 1.17,3048,92.6,https://s.click.aliexpress.com/e/_oDXUs7p,,,,,,,1000017,"ğŸ§¼ ×¡×“×¨ ×•××¨×’×•×Ÿ ×›××• ×©×—×œ××ª×!

ğŸ› BM310 Small Mobile Phones Unlocked Bluetooth Earphone Telephone Low Radiation Automatic Call Recording Dual SIM Small Cell Phone

××—×™×¨ ××‘×¦×¢: [ILS 39.04 ×©""×—](https://s.click.aliexpress.com/e/_oDXUs7p) (××—×™×¨ ××§×•×¨×™: ILS 57.42 ×©""×—)
ğŸ’¸ ×—×¡×›×ª×: 32%
â­ ×“×™×¨×•×’: 926%
×”×•×–××Ÿ ×›×‘×¨ 3048 ×¤×¢××™×
ğŸšš ××©×œ×•×— ×—×™× × ×‘×”×–×× ×•×ª ××¢×œ 38 â‚ª ××• 7.49 â‚ª


×œ×”×–×× ×” ××”×™×¨×” ×œ×—×¦×• ×›××ŸğŸ‘‰ https://s.click.aliexpress.com/e/_oDXUs7p

××¡×¤×¨ ×¤×¨×™×˜: 1000017
×œ×”×¦×˜×¨×¤×•×ª ×œ×¢×¨×•×¥ ×œ×—×¦×• ×¢×œ×™×™ğŸ‘‰ https://t.me/+LCv-Xuy6z9RjY2I0

ğŸ“¸ https://ae-pic-a1.aliexpress-media.com/kf/Sf5f982319f0149dd8ec179229fea473dR.jpg
",â­ ×›×•×œ× ××“×‘×¨×™× ×¢×œ ×–×” â€“ BM310 Small Mobile Phones Unlocked Bluetooth Earphone Telephone Low Radiation Automatic Call Recording Dual SIM Small Cell Phone
1005000000000000.0,https://ae-pic-a1.aliexpress-media.com/kf/Sfeddd3262dd744a3918d47ccd37c74e9e.jpg,,Length 3/6/15Meters OD7/10/13/15/18/21/25/28mm Split Wire Loom Conduit Polyethylene Tubing Black Color Sleeve Tube,ILS 12.36,ILS 12.36,0%,ILS,10,ILS 1.24,7,ILS 0.87,2238,94.1,https://s.click.aliexpress.com/e/_okyAMXv,,,,,,,1000018,"ğŸ”Œ ×—×•×¡×š ×–××Ÿ ×•×›×¡×£ â€“ ××•××œ×¥!

ğŸ› Length 3/6/15Meters OD7/10/13/15/18/21/25/28mm Split Wire Loom Conduit Polyethylene Tubing Black Color Sleeve Tube

××—×™×¨ ××‘×¦×¢: [ILS 12.36 ×©""×—](https://s.click.aliexpress.com/e/_okyAMXv) (××—×™×¨ ××§×•×¨×™: ILS 12.36 ×©""×—)

â­ ×“×™×¨×•×’: 941%
×”×•×–××Ÿ ×›×‘×¨ 2238 ×¤×¢××™×
ğŸšš ××©×œ×•×— ×—×™× × ×‘×”×–×× ×•×ª ××¢×œ 38 â‚ª ××• 7.49 â‚ª


×œ×”×–×× ×” ××”×™×¨×” ×œ×—×¦×• ×›××ŸğŸ‘‰ https://s.click.aliexpress.com/e/_okyAMXv

××¡×¤×¨ ×¤×¨×™×˜: 1000018
×œ×”×¦×˜×¨×¤×•×ª ×œ×¢×¨×•×¥ ×œ×—×¦×• ×¢×œ×™×™ğŸ‘‰ https://t.me/+LCv-Xuy6z9RjY2I0

ğŸ“¸ https://ae-pic-a1.aliexpress-media.com/kf/Sfeddd3262dd744a3918d47ccd37c74e9e.jpg
",ğŸ†• ×”×’×™×¢ ×œ×¨××©×•× ×” â€“ Length 3/6/15Meters OD7/10/13/15/18/21/25/28mm Split Wire Loom Conduit Polyethylene Tubing Black Color Sleeve Tube
1005010000000000.0,https://ae-pic-a1.aliexpress-media.com/kf/S0614fa0b26804ca89a4021b1e8267c36L.jpg,,"Spring new women's sports shoes, fashionable, breathable, lightweight, non-slip, wear-resistant, casual sports shoes, flat shoes",ILS 82.51,ILS 40.39,51%,ILS,7,ILS 2.83,7,ILS 2.83,6994,92.9,https://s.click.aliexpress.com/e/_onjEAKB,,,,,,,1000019,"âœ¨ ×¤×ª×¨×•×Ÿ ×—×›× ×œ×‘×™×ª ×©×œ×š! âœ¨

ğŸ› Spring new women's sports shoes, fashionable, breathable, lightweight, non-slip, wear-resistant, casual sports shoes, flat shoes

××—×™×¨ ××‘×¦×¢: [ILS 40.39 ×©""×—](https://s.click.aliexpress.com/e/_onjEAKB) (××—×™×¨ ××§×•×¨×™: ILS 82.51 ×©""×—)
ğŸ’¸ ×—×¡×›×ª×: 51%
â­ ×“×™×¨×•×’: 929%
×”×•×–××Ÿ ×›×‘×¨ 6994 ×¤×¢××™×
ğŸšš ××©×œ×•×— ×—×™× × ×‘×”×–×× ×•×ª ××¢×œ 38 â‚ª ××• 7.49 â‚ª


×œ×”×–×× ×” ××”×™×¨×” ×œ×—×¦×• ×›××ŸğŸ‘‰ https://s.click.aliexpress.com/e/_onjEAKB

××¡×¤×¨ ×¤×¨×™×˜: 1000019
×œ×”×¦×˜×¨×¤×•×ª ×œ×¢×¨×•×¥ ×œ×—×¦×• ×¢×œ×™×™ğŸ‘‰ https://t.me/+LCv-Xuy6z9RjY2I0

ğŸ“¸ https://ae-pic-a1.aliexpress-media.com/kf/S0614fa0b26804ca89a4021b1e8267c36L.jpg
","ğŸ›ï¸ ××¦×™××” ××™×•×—×“×ª: Spring new women's sports shoes, fashionable, breathable, lightweight, non-slip, wear-resistant, casual sports shoes, flat shoes"
1005010000000000.0,https://ae-pic-a1.aliexpress-media.com/kf/S435991ec1f7d466caa4d6e625f5a95fb8.jpg,,Building Blocks 2024 Brand New 687 Pieces Electric Hi-Tech APP RC Robot Motor Power Function Building Blocks Children's Toy Gift,ILS 194.25,ILS 64.10,67%,ILS,7,ILS 4.49,7,ILS 4.49,2362,92.1,https://s.click.aliexpress.com/e/_ombtKC7,,,,,,,1000020,"ğŸ”Œ ×—×•×¡×š ×–××Ÿ ×•×›×¡×£ â€“ ××•××œ×¥!

ğŸ› Building Blocks 2024 Brand New 687 Pieces Electric Hi-Tech APP RC Robot Motor Power Function Building Blocks Children's Toy Gift

××—×™×¨ ××‘×¦×¢: [ILS 64.10 ×©""×—](https://s.click.aliexpress.com/e/_ombtKC7) (××—×™×¨ ××§×•×¨×™: ILS 194.25 ×©""×—)
ğŸ’¸ ×—×¡×›×ª×: 67%
â­ ×“×™×¨×•×’: 921%
×”×•×–××Ÿ ×›×‘×¨ 2362 ×¤×¢××™×
ğŸšš ××©×œ×•×— ×—×™× × ×‘×”×–×× ×•×ª ××¢×œ 38 â‚ª ××• 7.49 â‚ª


×œ×”×–×× ×” ××”×™×¨×” ×œ×—×¦×• ×›××ŸğŸ‘‰ https://s.click.aliexpress.com/e/_ombtKC7

××¡×¤×¨ ×¤×¨×™×˜: 1000020
×œ×”×¦×˜×¨×¤×•×ª ×œ×¢×¨×•×¥ ×œ×—×¦×• ×¢×œ×™×™ğŸ‘‰ https://t.me/+LCv-Xuy6z9RjY2I0

ğŸ“¸ https://ae-pic-a1.aliexpress-media.com/kf/S435991ec1f7d466caa4d6e625f5a95fb8.jpg
",âœ¨ ×”×—×™×“×•×© ×©××ª× ×—×™×™×‘×™× ×‘×‘×™×ª â€“ Building Blocks 2024 Brand New 687 Pieces Electric Hi-Tech APP RC Robot Motor Power Function Building Blocks Children's Toy Gift
1005010000000000.0,https://ae-pic-a1.aliexpress-media.com/kf/Sf155fadaac95414aaf00bce9371915b0q.jpg,,20pcs Chrome Gold Confetti Latex Balloons Happy Birthday Party Decorations Kids Adult Boy Girl Baby Shower Wedding Supplies,ILS 10.44,ILS 10.44,0%,ILS,7,ILS 0.73,7,ILS 0.73,858,93.4,https://s.click.aliexpress.com/e/_oDl0SUx,,,,,,,1000021,"ğŸ”Œ ×—×•×¡×š ×–××Ÿ ×•×›×¡×£ â€“ ××•××œ×¥!

ğŸ› 20pcs Chrome Gold Confetti Latex Balloons Happy Birthday Party Decorations Kids Adult Boy Girl Baby Shower Wedding Supplies

××—×™×¨ ××‘×¦×¢: [ILS 10.44 ×©""×—](https://s.click.aliexpress.com/e/_oDl0SUx) (××—×™×¨ ××§×•×¨×™: ILS 10.44 ×©""×—)

â­ ×“×™×¨×•×’: 934%
×”×•×–××Ÿ ×›×‘×¨ 858 ×¤×¢××™×
ğŸšš ××©×œ×•×— ×—×™× × ×‘×”×–×× ×•×ª ××¢×œ 38 â‚ª ××• 7.49 â‚ª


×œ×”×–×× ×” ××”×™×¨×” ×œ×—×¦×• ×›××ŸğŸ‘‰ https://s.click.aliexpress.com/e/_oDl0SUx

××¡×¤×¨ ×¤×¨×™×˜: 1000021
×œ×”×¦×˜×¨×¤×•×ª ×œ×¢×¨×•×¥ ×œ×—×¦×• ×¢×œ×™×™ğŸ‘‰ https://t.me/+LCv-Xuy6z9RjY2I0

ğŸ“¸ https://ae-pic-a1.aliexpress-media.com/kf/Sf155fadaac95414aaf00bce9371915b0q.jpg
",â­ ×›×•×œ× ××“×‘×¨×™× ×¢×œ ×–×” â€“ 20pcs Chrome Gold Confetti Latex Balloons Happy Birthday Party Decorations Kids Adult Boy Girl Baby Shower Wedding Supplies
1005010000000000.0,https://ae-pic-a1.aliexpress-media.com/kf/S3ced755126e34232b59b9cd72309de641.jpg,,Boots Men High Top Boots High Quality Women Leather Shoes Fashion Outdoor Sneakers Men Lace Up Non-Slip Ankle Boots for Couple,ILS 256.74,ILS 107.72,58%,ILS,7,ILS 7.54,7,ILS 7.54,1043,88.0,https://s.click.aliexpress.com/e/_opAqSz9,,,,,,,1000022,"ğŸ”Œ ×—×•×¡×š ×–××Ÿ ×•×›×¡×£ â€“ ××•××œ×¥!

ğŸ› Boots Men High Top Boots High Quality Women Leather Shoes Fashion Outdoor Sneakers Men Lace Up Non-Slip Ankle Boots for Couple

××—×™×¨ ××‘×¦×¢: [ILS 107.72 ×©""×—](https://s.click.aliexpress.com/e/_opAqSz9) (××—×™×¨ ××§×•×¨×™: ILS 256.74 ×©""×—)
ğŸ’¸ ×—×¡×›×ª×: 58%
â­ ×“×™×¨×•×’: 880%
×”×•×–××Ÿ ×›×‘×¨ 1043 ×¤×¢××™×
ğŸšš ××©×œ×•×— ×—×™× × ×‘×”×–×× ×•×ª ××¢×œ 38 â‚ª ××• 7.49 â‚ª


×œ×”×–×× ×” ××”×™×¨×” ×œ×—×¦×• ×›××ŸğŸ‘‰ https://s.click.aliexpress.com/e/_opAqSz9

××¡×¤×¨ ×¤×¨×™×˜: 1000022
×œ×”×¦×˜×¨×¤×•×ª ×œ×¢×¨×•×¥ ×œ×—×¦×• ×¢×œ×™×™ğŸ‘‰ https://t.me/+LCv-Xuy6z9RjY2I0

ğŸ“¸ https://ae-pic-a1.aliexpress-media.com/kf/S3ced755126e34232b59b9cd72309de641.jpg
",ğŸ¯ ××œ ×ª×¤×¡×¤×¡×• ××ª ×–×” â€“ Boots Men High Top Boots High Quality Women Leather Shoes Fashion Outdoor Sneakers Men Lace Up Non-Slip Ankle Boots for Couple
1005010000000000.0,https://ae-pic-a1.aliexpress-media.com/kf/S6a78355fc74a41f2aaca9841e7318ee3v.jpg,,Brushed Gold Bathroom Accessories Towel Bar Bath Robe Hook Brass Knurled Bathroom Hardware Set Shelf for Towels Paper Tissue Hol,ILS 48.71,ILS 32.64,33%,ILS,7,ILS 2.28,7,ILS 2.28,170,95.4,https://s.click.aliexpress.com/e/_ooCVsnp,DX5U4RHOWG3C,01/07/2025 00:00,30/09/2025 23:59,ILS 2.88,19998.0,ILS 2.88,1000023,"ğŸ ××ª× ×” × ×”×“×¨×ª ×‘××—×™×¨ ×§×˜×Ÿ!

ğŸ› Brushed Gold Bathroom Accessories Towel Bar Bath Robe Hook Brass Knurled Bathroom Hardware Set Shelf for Towels Paper Tissue Hol

××—×™×¨ ××‘×¦×¢: [ILS 32.64 ×©""×—](https://s.click.aliexpress.com/e/_ooCVsnp) (××—×™×¨ ××§×•×¨×™: ILS 48.71 ×©""×—)
ğŸ’¸ ×—×¡×›×ª×: 33%
â­ ×“×™×¨×•×’: 954%
×”×•×–××Ÿ ×›×‘×¨ 170 ×¤×¢××™×
ğŸšš ××©×œ×•×— ×—×™× × ×‘×”×–×× ×•×ª ××¢×œ 38 â‚ª ××• 7.49 â‚ª
ğŸ ×§×•×¤×•×Ÿ ×œ×—×‘×¨×™ ×”×¢×¨×•×¥ ×‘×œ×‘×“: DX5U4RHOWG3C

×œ×”×–×× ×” ××”×™×¨×” ×œ×—×¦×• ×›××ŸğŸ‘‰ https://s.click.aliexpress.com/e/_ooCVsnp

××¡×¤×¨ ×¤×¨×™×˜: 1000023
×œ×”×¦×˜×¨×¤×•×ª ×œ×¢×¨×•×¥ ×œ×—×¦×• ×¢×œ×™×™ğŸ‘‰ https://t.me/+LCv-Xuy6z9RjY2I0

ğŸ“¸ https://ae-pic-a1.aliexpress-media.com/kf/S6a78355fc74a41f2aaca9841e7318ee3v.jpg
",âœ¨ ×”×—×™×“×•×© ×©××ª× ×—×™×™×‘×™× ×‘×‘×™×ª â€“ Brushed Gold Bathroom Accessories Towel Bar Bath Robe Hook Brass Knurled Bathroom Hardware Set Shelf for Towels Paper Tissue Hol
1005010000000000.0,https://ae-pic-a1.aliexpress-media.com/kf/S34d76714fd3a44639d5ce7206408ca0cM.png,,1/2pcs Baofeng M-5R Walkie Talkie Full Bands Wireless Copy Frequency Two Way Radio USB Charger Long Range Ham Radio For UV K5 5R,ILS 204.36,ILS 70.16,65%,ILS,7,ILS 4.91,7,ILS 4.91,347,91.5,https://s.click.aliexpress.com/e/_opJDVuR,,,,,,,1000024,"ğŸ”§ ×§×˜×Ÿ ×‘×’×•×“×œ â€“ ×’×“×•×œ ×‘×¤×ª×¨×•×Ÿ!

ğŸ› 1/2pcs Baofeng M-5R Walkie Talkie Full Bands Wireless Copy Frequency Two Way Radio USB Charger Long Range Ham Radio For UV K5 5R

××—×™×¨ ××‘×¦×¢: [ILS 70.16 ×©""×—](https://s.click.aliexpress.com/e/_opJDVuR) (××—×™×¨ ××§×•×¨×™: ILS 204.36 ×©""×—)
ğŸ’¸ ×—×¡×›×ª×: 65%
â­ ×“×™×¨×•×’: 915%
×”×•×–××Ÿ ×›×‘×¨ 347 ×¤×¢××™×
ğŸšš ××©×œ×•×— ×—×™× × ×‘×”×–×× ×•×ª ××¢×œ 38 â‚ª ××• 7.49 â‚ª


×œ×”×–×× ×” ××”×™×¨×” ×œ×—×¦×• ×›××ŸğŸ‘‰ https://s.click.aliexpress.com/e/_opJDVuR

××¡×¤×¨ ×¤×¨×™×˜: 1000024
×œ×”×¦×˜×¨×¤×•×ª ×œ×¢×¨×•×¥ ×œ×—×¦×• ×¢×œ×™×™ğŸ‘‰ https://t.me/+LCv-Xuy6z9RjY2I0

ğŸ“¸ https://ae-pic-a1.aliexpress-media.com/kf/S34d76714fd3a44639d5ce7206408ca0cM.png
",ğŸ‰ ×¤×¨×™×˜ ××•×©×œ× ×‘××—×™×¨ ×œ×•×”×˜ â€“ 1/2pcs Baofeng M-5R Walkie Talkie Full Bands Wireless Copy Frequency Two Way Radio USB Charger Long Range Ham Radio For UV K5 5R
1005010000000000.0,https://ae-pic-a1.aliexpress-media.com/kf/S10ca27e2aae74eed9cdaa53cab26510aL.jpg,,"Men's Fashion Basketball Shoes with Air Cushions, Comfortable and Non-Slip, Breathable and Shock-Absorbing, Suitable for Men's Outdoor Activities",ILS 143.59,ILS 58.81,59%,ILS,7,ILS 4.12,7,ILS 4.12,841,87.5,https://s.click.aliexpress.com/e/_oBWBWWr,,,,,,,1000025,"ğŸ”§ ×§×˜×Ÿ ×‘×’×•×“×œ â€“ ×’×“×•×œ ×‘×¤×ª×¨×•×Ÿ!

ğŸ› Men's Fashion Basketball Shoes with Air Cushions, Comfortable and Non-Slip, Breathable and Shock-Absorbing, Suitable for Men's Outdoor Activities

××—×™×¨ ××‘×¦×¢: [ILS 58.81 ×©""×—](https://s.click.aliexpress.com/e/_oBWBWWr) (××—×™×¨ ××§×•×¨×™: ILS 143.59 ×©""×—)
ğŸ’¸ ×—×¡×›×ª×: 59%
â­ ×“×™×¨×•×’: 875%
×”×•×–××Ÿ ×›×‘×¨ 841 ×¤×¢××™×
ğŸšš ××©×œ×•×— ×—×™× × ×‘×”×–×× ×•×ª ××¢×œ 38 â‚ª ××• 7.49 â‚ª


×œ×”×–×× ×” ××”×™×¨×” ×œ×—×¦×• ×›××ŸğŸ‘‰ https://s.click.aliexpress.com/e/_oBWBWWr

××¡×¤×¨ ×¤×¨×™×˜: 1000025
×œ×”×¦×˜×¨×¤×•×ª ×œ×¢×¨×•×¥ ×œ×—×¦×• ×¢×œ×™×™ğŸ‘‰ https://t.me/+LCv-Xuy6z9RjY2I0

ğŸ“¸ https://ae-pic-a1.aliexpress-media.com/kf/S10ca27e2aae74eed9cdaa53cab26510aL.jpg
","ğŸ‰ ×¤×¨×™×˜ ××•×©×œ× ×‘××—×™×¨ ×œ×•×”×˜ â€“ Men's Fashion Basketball Shoes with Air Cushions, Comfortable and Non-Slip, Breathable and Shock-Absorbing, Suitable for Men's Outdoor Activities"
1005010000000000.0,https://ae-pic-a1.aliexpress-media.com/kf/Sccced41c653b496ea287f84cb02261cb6.jpg,https://video.aliexpress-media.com/play/u/ae_sg_item/2660424028/p/1/e/6/t/10301/1100091818549.mp4,Sofa Tray Table Sofa Armrest Clip-On Tray Natural Wooden Sofa Tray Practical TV Snack Tray for Remote Control Coffee Snacks,ILS 121.09,ILS 40.46,66%,ILS,7,ILS 2.83,7,ILS 2.83,3102,92.1,https://s.click.aliexpress.com/e/_okjxt8X,,,,,,,1000026,"ğŸš— ×©×“×¨×•×’ ××•×©×œ× ×œ×¨×›×‘ ×©×œ×š!

ğŸ› Sofa Tray Table Sofa Armrest Clip-On Tray Natural Wooden Sofa Tray Practical TV Snack Tray for Remote Control Coffee Snacks

××—×™×¨ ××‘×¦×¢: [ILS 40.46 ×©""×—](https://s.click.aliexpress.com/e/_okjxt8X) (××—×™×¨ ××§×•×¨×™: ILS 121.09 ×©""×—)
ğŸ’¸ ×—×¡×›×ª×: 66%
â­ ×“×™×¨×•×’: 921%
×”×•×–××Ÿ ×›×‘×¨ 3102 ×¤×¢××™×
ğŸšš ××©×œ×•×— ×—×™× × ×‘×”×–×× ×•×ª ××¢×œ 38 â‚ª ××• 7.49 â‚ª


×œ×”×–×× ×” ××”×™×¨×” ×œ×—×¦×• ×›××ŸğŸ‘‰ https://s.click.aliexpress.com/e/_okjxt8X

××¡×¤×¨ ×¤×¨×™×˜: 1000026
×œ×”×¦×˜×¨×¤×•×ª ×œ×¢×¨×•×¥ ×œ×—×¦×• ×¢×œ×™×™ğŸ‘‰ https://t.me/+LCv-Xuy6z9RjY2I0

ğŸ“¸ https://ae-pic-a1.aliexpress-media.com/kf/Sccced41c653b496ea287f84cb02261cb6.jpg
",ğŸ†• ×”×’×™×¢ ×œ×¨××©×•× ×” â€“ Sofa Tray Table Sofa Armrest Clip-On Tray Natural Wooden Sofa Tray Practical TV Snack Tray for Remote Control Coffee Snacks
1005010000000000.0,https://ae-pic-a1.aliexpress-media.com/kf/S5b10577443f54b66a35ab9e8ef210633T.jpg,,2025 Women's Flat Slippers Woven Comfortable Women's Shoes Casual Bottom Slippers New Summer Sandalias Mujer Luxury Designer,ILS 85.10,ILS 40.81,52%,ILS,7,ILS 2.86,7,ILS 2.86,383,99.2,https://s.click.aliexpress.com/e/_ooogZHp,,,,,,,1000027,"ğŸ’¡ ××™×š ×œ× ×—×©×‘×• ×¢×œ ×–×” ×§×•×“×?

ğŸ› 2025 Women's Flat Slippers Woven Comfortable Women's Shoes Casual Bottom Slippers New Summer Sandalias Mujer Luxury Designer

××—×™×¨ ××‘×¦×¢: [ILS 40.81 ×©""×—](https://s.click.aliexpress.com/e/_ooogZHp) (××—×™×¨ ××§×•×¨×™: ILS 85.10 ×©""×—)
ğŸ’¸ ×—×¡×›×ª×: 52%
â­ ×“×™×¨×•×’: 992%
×”×•×–××Ÿ ×›×‘×¨ 383 ×¤×¢××™×
ğŸšš ××©×œ×•×— ×—×™× × ×‘×”×–×× ×•×ª ××¢×œ 38 â‚ª ××• 7.49 â‚ª


×œ×”×–×× ×” ××”×™×¨×” ×œ×—×¦×• ×›××ŸğŸ‘‰ https://s.click.aliexpress.com/e/_ooogZHp

××¡×¤×¨ ×¤×¨×™×˜: 1000027
×œ×”×¦×˜×¨×¤×•×ª ×œ×¢×¨×•×¥ ×œ×—×¦×• ×¢×œ×™×™ğŸ‘‰ https://t.me/+LCv-Xuy6z9RjY2I0

ğŸ“¸ https://ae-pic-a1.aliexpress-media.com/kf/S5b10577443f54b66a35ab9e8ef210633T.jpg
",ğŸ¯ ××œ ×ª×¤×¡×¤×¡×• ××ª ×–×” â€“ 2025 Women's Flat Slippers Woven Comfortable Women's Shoes Casual Bottom Slippers New Summer Sandalias Mujer Luxury Designer
1005010000000000.0,https://ae-pic-a1.aliexpress-media.com/kf/Sbed011f17e2346139c9458e606e8e9a93.jpg,,20/30pcs Gel Grip Heel Protector Adhesive Foot Patches Blister Pads Heel Liner Shoes Stickers Plaster Foot Care Cushion,ILS 11.29,ILS 4.74,58%,ILS,7,ILS 0.33,7,ILS 0.33,27208,94.3,https://s.click.aliexpress.com/e/_oCQbTV1,,,,,,,1000028,"ğŸ§° ×’××“×’'×˜ ×©×›×œ ××—×“ ×¦×¨×™×š ×‘×‘×™×ª!

ğŸ› 20/30pcs Gel Grip Heel Protector Adhesive Foot Patches Blister Pads Heel Liner Shoes Stickers Plaster Foot Care Cushion

××—×™×¨ ××‘×¦×¢: [ILS 4.74 ×©""×—](https://s.click.aliexpress.com/e/_oCQbTV1) (××—×™×¨ ××§×•×¨×™: ILS 11.29 ×©""×—)
ğŸ’¸ ×—×¡×›×ª×: 58%
â­ ×“×™×¨×•×’: 943%
×”×•×–××Ÿ ×›×‘×¨ 27208 ×¤×¢××™×
ğŸšš ××©×œ×•×— ×—×™× × ×‘×”×–×× ×•×ª ××¢×œ 38 â‚ª ××• 7.49 â‚ª


×œ×”×–×× ×” ××”×™×¨×” ×œ×—×¦×• ×›××ŸğŸ‘‰ https://s.click.aliexpress.com/e/_oCQbTV1

××¡×¤×¨ ×¤×¨×™×˜: 1000028
×œ×”×¦×˜×¨×¤×•×ª ×œ×¢×¨×•×¥ ×œ×—×¦×• ×¢×œ×™×™ğŸ‘‰ https://t.me/+LCv-Xuy6z9RjY2I0

ğŸ“¸ https://ae-pic-a1.aliexpress-media.com/kf/Sbed011f17e2346139c9458e606e8e9a93.jpg
",âœ¨ ×”×—×™×“×•×© ×©××ª× ×—×™×™×‘×™× ×‘×‘×™×ª â€“ 20/30pcs Gel Grip Heel Protector Adhesive Foot Patches Blister Pads Heel Liner Shoes Stickers Plaster Foot Care Cushion
1005010000000000.0,https://ae-pic-a1.aliexpress-media.com/kf/Sbc1a7c63294345378d8d00144fe70ad5t.jpg,,Japanese Design Akari Noguchi Yong Table Lamp White Rice Paper Decorative Desk Lights for Bedroom Living/Dining Room Study Loft,ILS 294.45,ILS 100.69,65%,ILS,7,ILS 7.05,7,ILS 7.05,711,91.5,https://s.click.aliexpress.com/e/_onhD2cb,,,,,,,1000029,"ğŸ§¼ ×¡×“×¨ ×•××¨×’×•×Ÿ ×›××• ×©×—×œ××ª×!

ğŸ› Japanese Design Akari Noguchi Yong Table Lamp White Rice Paper Decorative Desk Lights for Bedroom Living/Dining Room Study Loft

××—×™×¨ ××‘×¦×¢: [ILS 100.69 ×©""×—](https://s.click.aliexpress.com/e/_onhD2cb) (××—×™×¨ ××§×•×¨×™: ILS 294.45 ×©""×—)
ğŸ’¸ ×—×¡×›×ª×: 65%
â­ ×“×™×¨×•×’: 915%
×”×•×–××Ÿ ×›×‘×¨ 711 ×¤×¢××™×
ğŸšš ××©×œ×•×— ×—×™× × ×‘×”×–×× ×•×ª ××¢×œ 38 â‚ª ××• 7.49 â‚ª


×œ×”×–×× ×” ××”×™×¨×” ×œ×—×¦×• ×›××ŸğŸ‘‰ https://s.click.aliexpress.com/e/_onhD2cb

××¡×¤×¨ ×¤×¨×™×˜: 1000029
×œ×”×¦×˜×¨×¤×•×ª ×œ×¢×¨×•×¥ ×œ×—×¦×• ×¢×œ×™×™ğŸ‘‰ https://t.me/+LCv-Xuy6z9RjY2I0

ğŸ“¸ https://ae-pic-a1.aliexpress-media.com/kf/Sbc1a7c63294345378d8d00144fe70ad5t.jpg
",ğŸ›ï¸ ××¦×™××” ××™×•×—×“×ª: Japanese Design Akari Noguchi Yong Table Lamp White Rice Paper Decorative Desk Lights for Bedroom Living/Dining Room Study Loft
1005010000000000.0,https://ae-pic-a1.aliexpress-media.com/kf/Sc6cda38ba28c4c8292e5585b47e6a3a5i.jpg,,"1PC retractable stainless steel elderly shoe puller, shoe assistant, suitable for both men and women",ILS 20.75,ILS 8.71,58%,ILS,7,ILS 0.61,7,ILS 0.61,8290,88.1,https://s.click.aliexpress.com/e/_oBZ7U4F,,,,,,,1000030,"ğŸ§¼ ×¡×“×¨ ×•××¨×’×•×Ÿ ×›××• ×©×—×œ××ª×!

ğŸ› 1PC retractable stainless steel elderly shoe puller, shoe assistant, suitable for both men and women

××—×™×¨ ××‘×¦×¢: [ILS 8.71 ×©""×—](https://s.click.aliexpress.com/e/_oBZ7U4F) (××—×™×¨ ××§×•×¨×™: ILS 20.75 ×©""×—)
ğŸ’¸ ×—×¡×›×ª×: 58%
â­ ×“×™×¨×•×’: 881%
×”×•×–××Ÿ ×›×‘×¨ 8290 ×¤×¢××™×
ğŸšš ××©×œ×•×— ×—×™× × ×‘×”×–×× ×•×ª ××¢×œ 38 â‚ª ××• 7.49 â‚ª


×œ×”×–×× ×” ××”×™×¨×” ×œ×—×¦×• ×›××ŸğŸ‘‰ https://s.click.aliexpress.com/e/_oBZ7U4F

××¡×¤×¨ ×¤×¨×™×˜: 1000030
×œ×”×¦×˜×¨×¤×•×ª ×œ×¢×¨×•×¥ ×œ×—×¦×• ×¢×œ×™×™ğŸ‘‰ https://t.me/+LCv-Xuy6z9RjY2I0

ğŸ“¸ https://ae-pic-a1.aliexpress-media.com/kf/Sc6cda38ba28c4c8292e5585b47e6a3a5i.jpg
","ğŸ‰ ×¤×¨×™×˜ ××•×©×œ× ×‘××—×™×¨ ×œ×•×”×˜ â€“ 1PC retractable stainless steel elderly shoe puller, shoe assistant, suitable for both men and women"
1005010000000000.0,https://ae-pic-a1.aliexpress-media.com/kf/S1072b74de75b45b29b45e3c230916b31Y.jpg,,S14 Plastics Led Bulb E27 220V 110V Warm White 2W 1W Shatterproof Vintage Lamp Bulbs For String Light Outdoor Garden Decoration,ILS 14.56,ILS 14.38,1%,ILS,7,ILS 1.01,7,ILS 1.01,495,96.7,https://s.click.aliexpress.com/e/_oo0N7XH,,,,,,,1000031,"âœ¨ ×¤×ª×¨×•×Ÿ ×—×›× ×œ×‘×™×ª ×©×œ×š! âœ¨

ğŸ› S14 Plastics Led Bulb E27 220V 110V Warm White 2W 1W Shatterproof Vintage Lamp Bulbs For String Light Outdoor Garden Decoration

××—×™×¨ ××‘×¦×¢: [ILS 14.38 ×©""×—](https://s.click.aliexpress.com/e/_oo0N7XH) (××—×™×¨ ××§×•×¨×™: ILS 14.56 ×©""×—)
ğŸ’¸ ×—×¡×›×ª×: 1%
â­ ×“×™×¨×•×’: 967%
×”×•×–××Ÿ ×›×‘×¨ 495 ×¤×¢××™×
ğŸšš ××©×œ×•×— ×—×™× × ×‘×”×–×× ×•×ª ××¢×œ 38 â‚ª ××• 7.49 â‚ª


×œ×”×–×× ×” ××”×™×¨×” ×œ×—×¦×• ×›××ŸğŸ‘‰ https://s.click.aliexpress.com/e/_oo0N7XH

××¡×¤×¨ ×¤×¨×™×˜: 1000031
×œ×”×¦×˜×¨×¤×•×ª ×œ×¢×¨×•×¥ ×œ×—×¦×• ×¢×œ×™×™ğŸ‘‰ https://t.me/+LCv-Xuy6z9RjY2I0

ğŸ“¸ https://ae-pic-a1.aliexpress-media.com/kf/S1072b74de75b45b29b45e3c230916b31Y.jpg
",ğŸ”¥ ××•×¦×¨ ×©×—×™×™×‘×™× ×œ×”×›×™×¨: S14 Plastics Led Bulb E27 220V 110V Warm White 2W 1W Shatterproof Vintage Lamp Bulbs For String Light Outdoor Garden Decoration
1005010000000000.0,https://ae-pic-a1.aliexpress-media.com/kf/S98546b841e734700bcf4cb646d8a3bf8M.jpg,,Motolola Mini Walkie Talkie 16 Channels Professional MT-N1 UHF 400-470MHZ Support USB Charging Match Baofeng Two Way Radio,ILS 123.25,ILS 44.37,64%,ILS,7,ILS 3.11,7,ILS 3.11,1049,89.5,https://s.click.aliexpress.com/e/_omEEQ7v,,,,,,,1000032,"ğŸ§° ×’××“×’'×˜ ×©×›×œ ××—×“ ×¦×¨×™×š ×‘×‘×™×ª!

ğŸ› Motolola Mini Walkie Talkie 16 Channels Professional MT-N1 UHF 400-470MHZ Support USB Charging Match Baofeng Two Way Radio

××—×™×¨ ××‘×¦×¢: [ILS 44.37 ×©""×—](https://s.click.aliexpress.com/e/_omEEQ7v) (××—×™×¨ ××§×•×¨×™: ILS 123.25 ×©""×—)
ğŸ’¸ ×—×¡×›×ª×: 64%
â­ ×“×™×¨×•×’: 895%
×”×•×–××Ÿ ×›×‘×¨ 1049 ×¤×¢××™×
ğŸšš ××©×œ×•×— ×—×™× × ×‘×”×–×× ×•×ª ××¢×œ 38 â‚ª ××• 7.49 â‚ª


×œ×”×–×× ×” ××”×™×¨×” ×œ×—×¦×• ×›××ŸğŸ‘‰ https://s.click.aliexpress.com/e/_omEEQ7v

××¡×¤×¨ ×¤×¨×™×˜: 1000032
×œ×”×¦×˜×¨×¤×•×ª ×œ×¢×¨×•×¥ ×œ×—×¦×• ×¢×œ×™×™ğŸ‘‰ https://t.me/+LCv-Xuy6z9RjY2I0

ğŸ“¸ https://ae-pic-a1.aliexpress-media.com/kf/S98546b841e734700bcf4cb646d8a3bf8M.jpg
",â­ ×›×•×œ× ××“×‘×¨×™× ×¢×œ ×–×” â€“ Motolola Mini Walkie Talkie 16 Channels Professional MT-N1 UHF 400-470MHZ Support USB Charging Match Baofeng Two Way Radio
1005000000000000.0,https://ae-pic-a1.aliexpress-media.com/kf/Sa848ffe1e7c042adb4025ce1e00cdddfR.png,https://video.aliexpress-media.com/play/u/ae_sg_item/239959343/p/1/e/6/t/10301/1100085933372.mp4,Automatic Sensor Door Closer Punch-Free Adjustable Surface Door Stopper Automatically Close Door Bracket Closer Home Improvement,ILS 12.40,ILS 12.40,0%,ILS,8,ILS 0.99,7,ILS 0.87,2621,93.0,https://s.click.aliexpress.com/e/_onP559Z,,,,,,,1000033,"ğŸª› ×”×›×œ×™ ×”×§×˜×Ÿ ×©×™×¤×ª×•×¨ ×œ×›× ×‘×¢×™×” ×’×“×•×œ×”!

ğŸ› Automatic Sensor Door Closer Punch-Free Adjustable Surface Door Stopper Automatically Close Door Bracket Closer Home Improvement

××—×™×¨ ××‘×¦×¢: [ILS 12.40 ×©""×—](https://s.click.aliexpress.com/e/_onP559Z) (××—×™×¨ ××§×•×¨×™: ILS 12.40 ×©""×—)

â­ ×“×™×¨×•×’: 930%
×”×•×–××Ÿ ×›×‘×¨ 2621 ×¤×¢××™×
ğŸšš ××©×œ×•×— ×—×™× × ×‘×”×–×× ×•×ª ××¢×œ 38 â‚ª ××• 7.49 â‚ª


×œ×”×–×× ×” ××”×™×¨×” ×œ×—×¦×• ×›××ŸğŸ‘‰ https://s.click.aliexpress.com/e/_onP559Z

××¡×¤×¨ ×¤×¨×™×˜: 1000033
×œ×”×¦×˜×¨×¤×•×ª ×œ×¢×¨×•×¥ ×œ×—×¦×• ×¢×œ×™×™ğŸ‘‰ https://t.me/+LCv-Xuy6z9RjY2I0

ğŸ“¸ https://ae-pic-a1.aliexpress-media.com/kf/Sa848ffe1e7c042adb4025ce1e00cdddfR.png
",ğŸ¯ ××œ ×ª×¤×¡×¤×¡×• ××ª ×–×” â€“ Automatic Sensor Door Closer Punch-Free Adjustable Surface Door Stopper Automatically Close Door Bracket Closer Home Improvement
1005010000000000.0,https://ae-pic-a1.aliexpress-media.com/kf/Sb593d65fa20449bdb7b83cd75d0287cfH.jpg,,LED Floodlight AC220V 110V 10-300W IP66 Waterproof For Outdoor Wall Garden LED Reflector Street Lamp Wall Flood Lights,ILS 38.42,ILS 12.68,67%,ILS,7,ILS 0.89,7,ILS 0.89,1519,93.2,https://s.click.aliexpress.com/e/_okSSmn1,,,,,,,1000034,"ğŸ§¼ ×¡×“×¨ ×•××¨×’×•×Ÿ ×›××• ×©×—×œ××ª×!

ğŸ› LED Floodlight AC220V 110V 10-300W IP66 Waterproof For Outdoor Wall Garden LED Reflector Street Lamp Wall Flood Lights

××—×™×¨ ××‘×¦×¢: [ILS 12.68 ×©""×—](https://s.click.aliexpress.com/e/_okSSmn1) (××—×™×¨ ××§×•×¨×™: ILS 38.42 ×©""×—)
ğŸ’¸ ×—×¡×›×ª×: 67%
â­ ×“×™×¨×•×’: 932%
×”×•×–××Ÿ ×›×‘×¨ 1519 ×¤×¢××™×
ğŸšš ××©×œ×•×— ×—×™× × ×‘×”×–×× ×•×ª ××¢×œ 38 â‚ª ××• 7.49 â‚ª


×œ×”×–×× ×” ××”×™×¨×” ×œ×—×¦×• ×›××ŸğŸ‘‰ https://s.click.aliexpress.com/e/_okSSmn1

××¡×¤×¨ ×¤×¨×™×˜: 1000034
×œ×”×¦×˜×¨×¤×•×ª ×œ×¢×¨×•×¥ ×œ×—×¦×• ×¢×œ×™×™ğŸ‘‰ https://t.me/+LCv-Xuy6z9RjY2I0

ğŸ“¸ https://ae-pic-a1.aliexpress-media.com/kf/Sb593d65fa20449bdb7b83cd75d0287cfH.jpg
",âœ¨ ×”×—×™×“×•×© ×©××ª× ×—×™×™×‘×™× ×‘×‘×™×ª â€“ LED Floodlight AC220V 110V 10-300W IP66 Waterproof For Outdoor Wall Garden LED Reflector Street Lamp Wall Flood Lights
1005010000000000.0,https://ae-pic-a1.aliexpress-media.com/kf/S8bf2ab8cd412493d87a3c50acc20358aO.jpg,,Men Shoes Platform Male Sneakers 2024 New Vulcanized Shoes for Men Casual Running Shoes Large Size 45 46 Hot Sapatos Masculinos,ILS 124.83,ILS 62.35,50%,ILS,7,ILS 4.36,7,ILS 4.36,219,88.2,https://s.click.aliexpress.com/e/_olda6Fv,,,,,,,1000035,"ğŸ§¼ ×¡×“×¨ ×•××¨×’×•×Ÿ ×›××• ×©×—×œ××ª×!

ğŸ› Men Shoes Platform Male Sneakers 2024 New Vulcanized Shoes for Men Casual Running Shoes Large Size 45 46 Hot Sapatos Masculinos

××—×™×¨ ××‘×¦×¢: [ILS 62.35 ×©""×—](https://s.click.aliexpress.com/e/_olda6Fv) (××—×™×¨ ××§×•×¨×™: ILS 124.83 ×©""×—)
ğŸ’¸ ×—×¡×›×ª×: 50%
â­ ×“×™×¨×•×’: 882%
×”×•×–××Ÿ ×›×‘×¨ 219 ×¤×¢××™×
ğŸšš ××©×œ×•×— ×—×™× × ×‘×”×–×× ×•×ª ××¢×œ 38 â‚ª ××• 7.49 â‚ª


×œ×”×–×× ×” ××”×™×¨×” ×œ×—×¦×• ×›××ŸğŸ‘‰ https://s.click.aliexpress.com/e/_olda6Fv

××¡×¤×¨ ×¤×¨×™×˜: 1000035
×œ×”×¦×˜×¨×¤×•×ª ×œ×¢×¨×•×¥ ×œ×—×¦×• ×¢×œ×™×™ğŸ‘‰ https://t.me/+LCv-Xuy6z9RjY2I0

ğŸ“¸ https://ae-pic-a1.aliexpress-media.com/kf/S8bf2ab8cd412493d87a3c50acc20358aO.jpg
",ğŸ”¥ ××•×¦×¨ ×©×—×™×™×‘×™× ×œ×”×›×™×¨: Men Shoes Platform Male Sneakers 2024 New Vulcanized Shoes for Men Casual Running Shoes Large Size 45 46 Hot Sapatos Masculinos
1005010000000000.0,https://ae-pic-a1.aliexpress-media.com/kf/S5a20485b087646daba893a9f91f4eff0A.jpg,,1roll 1-10mm thick Strong adhesion EVA black sponge foam rubber tape anti-collision seal stri Width 5-40mmSound insulation Strip,ILS 9.39,ILS 9.39,0%,ILS,13,ILS 1.22,7,ILS 0.66,2662,96.0,https://s.click.aliexpress.com/e/_okrndun,,,,,,,1000036,"ğŸ“¦ ××•×¦×¨ ×©×™××•×©×™ ×‘××—×™×¨ ××¤×ª×™×¢!

ğŸ› 1roll 1-10mm thick Strong adhesion EVA black sponge foam rubber tape anti-collision seal stri Width 5-40mmSound insulation Strip

××—×™×¨ ××‘×¦×¢: [ILS 9.39 ×©""×—](https://s.click.aliexpress.com/e/_okrndun) (××—×™×¨ ××§×•×¨×™: ILS 9.39 ×©""×—)

â­ ×“×™×¨×•×’: 960%
×”×•×–××Ÿ ×›×‘×¨ 2662 ×¤×¢××™×
ğŸšš ××©×œ×•×— ×—×™× × ×‘×”×–×× ×•×ª ××¢×œ 38 â‚ª ××• 7.49 â‚ª


×œ×”×–×× ×” ××”×™×¨×” ×œ×—×¦×• ×›××ŸğŸ‘‰ https://s.click.aliexpress.com/e/_okrndun

××¡×¤×¨ ×¤×¨×™×˜: 1000036
×œ×”×¦×˜×¨×¤×•×ª ×œ×¢×¨×•×¥ ×œ×—×¦×• ×¢×œ×™×™ğŸ‘‰ https://t.me/+LCv-Xuy6z9RjY2I0

ğŸ“¸ https://ae-pic-a1.aliexpress-media.com/kf/S5a20485b087646daba893a9f91f4eff0A.jpg
",ğŸ¯ ××œ ×ª×¤×¡×¤×¡×• ××ª ×–×” â€“ 1roll 1-10mm thick Strong adhesion EVA black sponge foam rubber tape anti-collision seal stri Width 5-40mmSound insulation Strip
1005010000000000.0,https://ae-pic-a1.aliexpress-media.com/kf/S092a7e3a3246493ea8b24655826d022ae.jpg,,Brooks Glycerin Max Neutral Running & Walking Shoe MenÂ’s&WomenÂ’s,ILS 438.73,ILS 205.99,53%,ILS,7,ILS 14.42,7,ILS 14.42,895,92.0,https://s.click.aliexpress.com/e/_okP0n8J,,,,,,,1000037,"ğŸª› ×”×›×œ×™ ×”×§×˜×Ÿ ×©×™×¤×ª×•×¨ ×œ×›× ×‘×¢×™×” ×’×“×•×œ×”!

ğŸ› Brooks Glycerin Max Neutral Running & Walking Shoe MenÂ’s&WomenÂ’s

××—×™×¨ ××‘×¦×¢: [ILS 205.99 ×©""×—](https://s.click.aliexpress.com/e/_okP0n8J) (××—×™×¨ ××§×•×¨×™: ILS 438.73 ×©""×—)
ğŸ’¸ ×—×¡×›×ª×: 53%
â­ ×“×™×¨×•×’: 920%
×”×•×–××Ÿ ×›×‘×¨ 895 ×¤×¢××™×
ğŸšš ××©×œ×•×— ×—×™× × ×‘×”×–×× ×•×ª ××¢×œ 38 â‚ª ××• 7.49 â‚ª


×œ×”×–×× ×” ××”×™×¨×” ×œ×—×¦×• ×›××ŸğŸ‘‰ https://s.click.aliexpress.com/e/_okP0n8J

××¡×¤×¨ ×¤×¨×™×˜: 1000037
×œ×”×¦×˜×¨×¤×•×ª ×œ×¢×¨×•×¥ ×œ×—×¦×• ×¢×œ×™×™ğŸ‘‰ https://t.me/+LCv-Xuy6z9RjY2I0

ğŸ“¸ https://ae-pic-a1.aliexpress-media.com/kf/S092a7e3a3246493ea8b24655826d022ae.jpg
",ğŸ”¥ ××•×¦×¨ ×©×—×™×™×‘×™× ×œ×”×›×™×¨: Brooks Glycerin Max Neutral Running & Walking Shoe MenÂ’s&WomenÂ’s
1005010000000000.0,https://ae-pic-a1.aliexpress-media.com/kf/S43587a9c806f41b087baef12d7bd8f8f8.jpg,,Men's Fashionable Slippers for Home and Outdoor Waterproof Non-Slip Slip-On Fashionable Versatile Slippers,ILS 75.81,ILS 37.10,51%,ILS,7,ILS 2.60,7,ILS 2.60,2049,93.7,https://s.click.aliexpress.com/e/_onWew2J,,,,,,,1000038,"ğŸ”§ ×§×˜×Ÿ ×‘×’×•×“×œ â€“ ×’×“×•×œ ×‘×¤×ª×¨×•×Ÿ!

ğŸ› Men's Fashionable Slippers for Home and Outdoor Waterproof Non-Slip Slip-On Fashionable Versatile Slippers

××—×™×¨ ××‘×¦×¢: [ILS 37.10 ×©""×—](https://s.click.aliexpress.com/e/_onWew2J) (××—×™×¨ ××§×•×¨×™: ILS 75.81 ×©""×—)
ğŸ’¸ ×—×¡×›×ª×: 51%
â­ ×“×™×¨×•×’: 937%
×”×•×–××Ÿ ×›×‘×¨ 2049 ×¤×¢××™×
ğŸšš ××©×œ×•×— ×—×™× × ×‘×”×–×× ×•×ª ××¢×œ 38 â‚ª ××• 7.49 â‚ª


×œ×”×–×× ×” ××”×™×¨×” ×œ×—×¦×• ×›××ŸğŸ‘‰ https://s.click.aliexpress.com/e/_onWew2J

××¡×¤×¨ ×¤×¨×™×˜: 1000038
×œ×”×¦×˜×¨×¤×•×ª ×œ×¢×¨×•×¥ ×œ×—×¦×• ×¢×œ×™×™ğŸ‘‰ https://t.me/+LCv-Xuy6z9RjY2I0

ğŸ“¸ https://ae-pic-a1.aliexpress-media.com/kf/S43587a9c806f41b087baef12d7bd8f8f8.jpg
",ğŸ‰ ×¤×¨×™×˜ ××•×©×œ× ×‘××—×™×¨ ×œ×•×”×˜ â€“ Men's Fashionable Slippers for Home and Outdoor Waterproof Non-Slip Slip-On Fashionable Versatile Slippers
1005010000000000.0,https://ae-pic-a1.aliexpress-media.com/kf/Sd43c803fec0247589014180f82346b8ak.jpg,,BAOFENG DMR DM32 DM-32 Digital Walkie Talkie GPS Dual Mode Analog Dual Time Slot Air Band APRS Digital Call For UV-32 Ham Radio,ILS 446.42,ILS 209.82,53%,ILS,7,ILS 14.69,7,ILS 14.69,321,93.5,https://s.click.aliexpress.com/e/_oBpxnkf,,,,,,,1000039,"ğŸš— ×©×“×¨×•×’ ××•×©×œ× ×œ×¨×›×‘ ×©×œ×š!

ğŸ› BAOFENG DMR DM32 DM-32 Digital Walkie Talkie GPS Dual Mode Analog Dual Time Slot Air Band APRS Digital Call For UV-32 Ham Radio

××—×™×¨ ××‘×¦×¢: [ILS 209.82 ×©""×—](https://s.click.aliexpress.com/e/_oBpxnkf) (××—×™×¨ ××§×•×¨×™: ILS 446.42 ×©""×—)
ğŸ’¸ ×—×¡×›×ª×: 53%
â­ ×“×™×¨×•×’: 935%
×”×•×–××Ÿ ×›×‘×¨ 321 ×¤×¢××™×
ğŸšš ××©×œ×•×— ×—×™× × ×‘×”×–×× ×•×ª ××¢×œ 38 â‚ª ××• 7.49 â‚ª


×œ×”×–×× ×” ××”×™×¨×” ×œ×—×¦×• ×›××ŸğŸ‘‰ https://s.click.aliexpress.com/e/_oBpxnkf

××¡×¤×¨ ×¤×¨×™×˜: 1000039
×œ×”×¦×˜×¨×¤×•×ª ×œ×¢×¨×•×¥ ×œ×—×¦×• ×¢×œ×™×™ğŸ‘‰ https://t.me/+LCv-Xuy6z9RjY2I0

ğŸ“¸ https://ae-pic-a1.aliexpress-media.com/kf/Sd43c803fec0247589014180f82346b8ak.jpg
",ğŸ”¥ ××•×¦×¨ ×©×—×™×™×‘×™× ×œ×”×›×™×¨: BAOFENG DMR DM32 DM-32 Digital Walkie Talkie GPS Dual Mode Analog Dual Time Slot Air Band APRS Digital Call For UV-32 Ham Radio
4001180000000.0,https://ae-pic-a1.aliexpress-media.com/kf/Hf97545a0fd034777aacd47702e37b6c9n.jpg,,10X10 CM Floor Drains Black/Chrome Brass Shower Floor Drain Bathroom Deodorant Square Floor Drain Strainer Cover Grate Waste,ILS 46.74,ILS 46.74,0%,ILS,8,ILS 3.74,7,ILS 3.27,192,100.0,https://s.click.aliexpress.com/e/_oFB7Kzd,,,,,,,1000040,"ğŸ’¡ ××™×š ×œ× ×—×©×‘×• ×¢×œ ×–×” ×§×•×“×?

ğŸ› 10X10 CM Floor Drains Black/Chrome Brass Shower Floor Drain Bathroom Deodorant Square Floor Drain Strainer Cover Grate Waste

××—×™×¨ ××‘×¦×¢: [ILS 46.74 ×©""×—](https://s.click.aliexpress.com/e/_oFB7Kzd) (××—×™×¨ ××§×•×¨×™: ILS 46.74 ×©""×—)

â­ ×“×™×¨×•×’: 1000%
×”×•×–××Ÿ ×›×‘×¨ 192 ×¤×¢××™×
ğŸšš ××©×œ×•×— ×—×™× × ×‘×”×–×× ×•×ª ××¢×œ 38 â‚ª ××• 7.49 â‚ª


×œ×”×–×× ×” ××”×™×¨×” ×œ×—×¦×• ×›××ŸğŸ‘‰ https://s.click.aliexpress.com/e/_oFB7Kzd

××¡×¤×¨ ×¤×¨×™×˜: 1000040
×œ×”×¦×˜×¨×¤×•×ª ×œ×¢×¨×•×¥ ×œ×—×¦×• ×¢×œ×™×™ğŸ‘‰ https://t.me/+LCv-Xuy6z9RjY2I0

ğŸ“¸ https://ae-pic-a1.aliexpress-media.com/kf/Hf97545a0fd034777aacd47702e37b6c9n.jpg
",ğŸ†• ×”×’×™×¢ ×œ×¨××©×•× ×” â€“ 10X10 CM Floor Drains Black/Chrome Brass Shower Floor Drain Bathroom Deodorant Square Floor Drain Strainer Cover Grate Waste
1005010000000000.0,https://ae-pic-a1.aliexpress-media.com/kf/S475ef0cb1afa4e65b94c6b192b1bbb95n.jpg,,Latest Version Wellsim Pro Single Side Adhesive Universal Card Sticker For Iphone 6 To Iphone 15 Pro Max Stable Unlock Sticker,ILS 97.92,ILS 34.27,65%,ILS,7,ILS 2.40,7,ILS 2.40,699,94.3,https://s.click.aliexpress.com/e/_oBtZTiL,,,,,,,1000041,"ğŸ”§ ×§×˜×Ÿ ×‘×’×•×“×œ â€“ ×’×“×•×œ ×‘×¤×ª×¨×•×Ÿ!

ğŸ› Latest Version Wellsim Pro Single Side Adhesive Universal Card Sticker For Iphone 6 To Iphone 15 Pro Max Stable Unlock Sticker

××—×™×¨ ××‘×¦×¢: [ILS 34.27 ×©""×—](https://s.click.aliexpress.com/e/_oBtZTiL) (××—×™×¨ ××§×•×¨×™: ILS 97.92 ×©""×—)
ğŸ’¸ ×—×¡×›×ª×: 65%
â­ ×“×™×¨×•×’: 943%
×”×•×–××Ÿ ×›×‘×¨ 699 ×¤×¢××™×
ğŸšš ××©×œ×•×— ×—×™× × ×‘×”×–×× ×•×ª ××¢×œ 38 â‚ª ××• 7.49 â‚ª


×œ×”×–×× ×” ××”×™×¨×” ×œ×—×¦×• ×›××ŸğŸ‘‰ https://s.click.aliexpress.com/e/_oBtZTiL

××¡×¤×¨ ×¤×¨×™×˜: 1000041
×œ×”×¦×˜×¨×¤×•×ª ×œ×¢×¨×•×¥ ×œ×—×¦×• ×¢×œ×™×™ğŸ‘‰ https://t.me/+LCv-Xuy6z9RjY2I0

ğŸ“¸ https://ae-pic-a1.aliexpress-media.com/kf/S475ef0cb1afa4e65b94c6b192b1bbb95n.jpg
",ğŸ†• ×”×’×™×¢ ×œ×¨××©×•× ×” â€“ Latest Version Wellsim Pro Single Side Adhesive Universal Card Sticker For Iphone 6 To Iphone 15 Pro Max Stable Unlock Sticker
1005010000000000.0,https://ae-pic-a1.aliexpress-media.com/kf/Sc884928cc4d54bdc915731887438c247B.jpg,,Luxury Designer Women Sandals 2025 New Woven with Comfortable Women's Sandals Casual Bottom Summer Flat Woman Slippers,ILS 70.94,ILS 34.05,52%,ILS,7,ILS 2.38,7,ILS 2.38,4508,91.6,https://s.click.aliexpress.com/e/_ok8dKgF,,,,,,,1000042,"ğŸ§° ×’××“×’'×˜ ×©×›×œ ××—×“ ×¦×¨×™×š ×‘×‘×™×ª!

ğŸ› Luxury Designer Women Sandals 2025 New Woven with Comfortable Women's Sandals Casual Bottom Summer Flat Woman Slippers

××—×™×¨ ××‘×¦×¢: [ILS 34.05 ×©""×—](https://s.click.aliexpress.com/e/_ok8dKgF) (××—×™×¨ ××§×•×¨×™: ILS 70.94 ×©""×—)
ğŸ’¸ ×—×¡×›×ª×: 52%
â­ ×“×™×¨×•×’: 916%
×”×•×–××Ÿ ×›×‘×¨ 4508 ×¤×¢××™×
ğŸšš ××©×œ×•×— ×—×™× × ×‘×”×–×× ×•×ª ××¢×œ 38 â‚ª ××• 7.49 â‚ª


×œ×”×–×× ×” ××”×™×¨×” ×œ×—×¦×• ×›××ŸğŸ‘‰ https://s.click.aliexpress.com/e/_ok8dKgF

××¡×¤×¨ ×¤×¨×™×˜: 1000042
×œ×”×¦×˜×¨×¤×•×ª ×œ×¢×¨×•×¥ ×œ×—×¦×• ×¢×œ×™×™ğŸ‘‰ https://t.me/+LCv-Xuy6z9RjY2I0

ğŸ“¸ https://ae-pic-a1.aliexpress-media.com/kf/Sc884928cc4d54bdc915731887438c247B.jpg
",ğŸ†• ×”×’×™×¢ ×œ×¨××©×•× ×” â€“ Luxury Designer Women Sandals 2025 New Woven with Comfortable Women's Sandals Casual Bottom Summer Flat Woman Slippers
1005010000000000.0,https://ae-pic-a1.aliexpress-media.com/kf/S5e6bd20098a249cebe9af6d856cc5d18E.jpg,,Itsok T388 Long Range walkie talkie for Kids FRS Free Licience Two Way Radio,ILS 123.86,ILS 38.15,69%,ILS,7,ILS 2.67,7,ILS 2.67,3680,90.3,https://s.click.aliexpress.com/e/_oEEiUmB,,,,,,,1000043,"âœ¨ ×¤×ª×¨×•×Ÿ ×—×›× ×œ×‘×™×ª ×©×œ×š! âœ¨

ğŸ› Itsok T388 Long Range walkie talkie for Kids FRS Free Licience Two Way Radio

××—×™×¨ ××‘×¦×¢: [ILS 38.15 ×©""×—](https://s.click.aliexpress.com/e/_oEEiUmB) (××—×™×¨ ××§×•×¨×™: ILS 123.86 ×©""×—)
ğŸ’¸ ×—×¡×›×ª×: 69%
â­ ×“×™×¨×•×’: 903%
×”×•×–××Ÿ ×›×‘×¨ 3680 ×¤×¢××™×
ğŸšš ××©×œ×•×— ×—×™× × ×‘×”×–×× ×•×ª ××¢×œ 38 â‚ª ××• 7.49 â‚ª


×œ×”×–×× ×” ××”×™×¨×” ×œ×—×¦×• ×›××ŸğŸ‘‰ https://s.click.aliexpress.com/e/_oEEiUmB

××¡×¤×¨ ×¤×¨×™×˜: 1000043
×œ×”×¦×˜×¨×¤×•×ª ×œ×¢×¨×•×¥ ×œ×—×¦×• ×¢×œ×™×™ğŸ‘‰ https://t.me/+LCv-Xuy6z9RjY2I0

ğŸ“¸ https://ae-pic-a1.aliexpress-media.com/kf/S5e6bd20098a249cebe9af6d856cc5d18E.jpg
",â­ ×›×•×œ× ××“×‘×¨×™× ×¢×œ ×–×” â€“ Itsok T388 Long Range walkie talkie for Kids FRS Free Licience Two Way Radio
1005010000000000.0,https://ae-pic-a1.aliexpress-media.com/kf/S9711857a22c34f9b835316c1d4666187O.jpg,,27/38/48cm Aquarium Plant Tweezers Multifuctional Stainless Steel Elbow Tweezers Fish Tank Aquascape Tools Aquarium Feeding Tong,ILS 9.85,ILS 9.64,2%,ILS,8,ILS 0.77,7,ILS 0.67,2012,89.8,https://s.click.aliexpress.com/e/_onsXx3N,,,,,,,1000044,"ğŸ”§ ×§×˜×Ÿ ×‘×’×•×“×œ â€“ ×’×“×•×œ ×‘×¤×ª×¨×•×Ÿ!

ğŸ› 27/38/48cm Aquarium Plant Tweezers Multifuctional Stainless Steel Elbow Tweezers Fish Tank Aquascape Tools Aquarium Feeding Tong

××—×™×¨ ××‘×¦×¢: [ILS 9.64 ×©""×—](https://s.click.aliexpress.com/e/_onsXx3N) (××—×™×¨ ××§×•×¨×™: ILS 9.85 ×©""×—)
ğŸ’¸ ×—×¡×›×ª×: 2%
â­ ×“×™×¨×•×’: 898%
×”×•×–××Ÿ ×›×‘×¨ 2012 ×¤×¢××™×
ğŸšš ××©×œ×•×— ×—×™× × ×‘×”×–×× ×•×ª ××¢×œ 38 â‚ª ××• 7.49 â‚ª


×œ×”×–×× ×” ××”×™×¨×” ×œ×—×¦×• ×›××ŸğŸ‘‰ https://s.click.aliexpress.com/e/_onsXx3N

××¡×¤×¨ ×¤×¨×™×˜: 1000044
×œ×”×¦×˜×¨×¤×•×ª ×œ×¢×¨×•×¥ ×œ×—×¦×• ×¢×œ×™×™ğŸ‘‰ https://t.me/+LCv-Xuy6z9RjY2I0

ğŸ“¸ https://ae-pic-a1.aliexpress-media.com/kf/S9711857a22c34f9b835316c1d4666187O.jpg
",ğŸ›ï¸ ××¦×™××” ××™×•×—×“×ª: 27/38/48cm Aquarium Plant Tweezers Multifuctional Stainless Steel Elbow Tweezers Fish Tank Aquascape Tools Aquarium Feeding Tong
1005010000000000.0,https://ae-pic-a1.aliexpress-media.com/kf/Sdb6265c21e9046adb49045495f586e42g.jpg,,Summer Men Sandals Genuine Leather Mens Casual Shoes Outdoor Men Leather Sandals for Men Beach Shoes Roman Shoes Plus Size 38-48,ILS 144.77,ILS 62.25,57%,ILS,7,ILS 4.36,7,ILS 4.36,5214,91.2,https://s.click.aliexpress.com/e/_ooEDNUB,,,,,,,1000045,"ğŸ ××ª× ×” × ×”×“×¨×ª ×‘××—×™×¨ ×§×˜×Ÿ!

ğŸ› Summer Men Sandals Genuine Leather Mens Casual Shoes Outdoor Men Leather Sandals for Men Beach Shoes Roman Shoes Plus Size 38-48

××—×™×¨ ××‘×¦×¢: [ILS 62.25 ×©""×—](https://s.click.aliexpress.com/e/_ooEDNUB) (××—×™×¨ ××§×•×¨×™: ILS 144.77 ×©""×—)
ğŸ’¸ ×—×¡×›×ª×: 57%
â­ ×“×™×¨×•×’: 912%
×”×•×–××Ÿ ×›×‘×¨ 5214 ×¤×¢××™×
ğŸšš ××©×œ×•×— ×—×™× × ×‘×”×–×× ×•×ª ××¢×œ 38 â‚ª ××• 7.49 â‚ª


×œ×”×–×× ×” ××”×™×¨×” ×œ×—×¦×• ×›××ŸğŸ‘‰ https://s.click.aliexpress.com/e/_ooEDNUB

××¡×¤×¨ ×¤×¨×™×˜: 1000045
×œ×”×¦×˜×¨×¤×•×ª ×œ×¢×¨×•×¥ ×œ×—×¦×• ×¢×œ×™×™ğŸ‘‰ https://t.me/+LCv-Xuy6z9RjY2I0

ğŸ“¸ https://ae-pic-a1.aliexpress-media.com/kf/Sdb6265c21e9046adb49045495f586e42g.jpg
",âœ¨ ×”×—×™×“×•×© ×©××ª× ×—×™×™×‘×™× ×‘×‘×™×ª â€“ Summer Men Sandals Genuine Leather Mens Casual Shoes Outdoor Men Leather Sandals for Men Beach Shoes Roman Shoes Plus Size 38-48
1005010000000000.0,https://ae-pic-a1.aliexpress-media.com/kf/Se41b16200d91422d9cbc257ecd91f270l.jpg,,2025 New Men's Massage Slippers Indoor Outdoor Sandals Beach Comfortable Soft Slides Clogs Casual Shoes Men Women Home Slippers,ILS 54.02,ILS 46.93,13%,ILS,7,ILS 3.29,7,ILS 3.29,6777,93.7,https://s.click.aliexpress.com/e/_oF0VwVH,,,,,,,1000046,"ğŸ§° ×’××“×’'×˜ ×©×›×œ ××—×“ ×¦×¨×™×š ×‘×‘×™×ª!

ğŸ› 2025 New Men's Massage Slippers Indoor Outdoor Sandals Beach Comfortable Soft Slides Clogs Casual Shoes Men Women Home Slippers

××—×™×¨ ××‘×¦×¢: [ILS 46.93 ×©""×—](https://s.click.aliexpress.com/e/_oF0VwVH) (××—×™×¨ ××§×•×¨×™: ILS 54.02 ×©""×—)
ğŸ’¸ ×—×¡×›×ª×: 13%
â­ ×“×™×¨×•×’: 937%
×”×•×–××Ÿ ×›×‘×¨ 6777 ×¤×¢××™×
ğŸšš ××©×œ×•×— ×—×™× × ×‘×”×–×× ×•×ª ××¢×œ 38 â‚ª ××• 7.49 â‚ª


×œ×”×–×× ×” ××”×™×¨×” ×œ×—×¦×• ×›××ŸğŸ‘‰ https://s.click.aliexpress.com/e/_oF0VwVH

××¡×¤×¨ ×¤×¨×™×˜: 1000046
×œ×”×¦×˜×¨×¤×•×ª ×œ×¢×¨×•×¥ ×œ×—×¦×• ×¢×œ×™×™ğŸ‘‰ https://t.me/+LCv-Xuy6z9RjY2I0

ğŸ“¸ https://ae-pic-a1.aliexpress-media.com/kf/Se41b16200d91422d9cbc257ecd91f270l.jpg
",ğŸ›ï¸ ××¦×™××” ××™×•×—×“×ª: 2025 New Men's Massage Slippers Indoor Outdoor Sandals Beach Comfortable Soft Slides Clogs Casual Shoes Men Women Home Slippers
1005010000000000.0,https://ae-pic-a1.aliexpress-media.com/kf/S113eb610eb3d49b39484eff19ce2d637u.jpg,,304 Stainless steel Lunch box with Tableware for Adults Kids Leakproof Lunch Container Portable Grids Bento Box Food Containers,ILS 131.76,ILS 44.80,66%,ILS,7,ILS 3.14,7,ILS 3.14,710,91.0,https://s.click.aliexpress.com/e/_oEzzert,,,,,,,1000047,"ğŸ“¦ ××•×¦×¨ ×©×™××•×©×™ ×‘××—×™×¨ ××¤×ª×™×¢!

ğŸ› 304 Stainless steel Lunch box with Tableware for Adults Kids Leakproof Lunch Container Portable Grids Bento Box Food Containers

××—×™×¨ ××‘×¦×¢: [ILS 44.80 ×©""×—](https://s.click.aliexpress.com/e/_oEzzert) (××—×™×¨ ××§×•×¨×™: ILS 131.76 ×©""×—)
ğŸ’¸ ×—×¡×›×ª×: 66%
â­ ×“×™×¨×•×’: 910%
×”×•×–××Ÿ ×›×‘×¨ 710 ×¤×¢××™×
ğŸšš ××©×œ×•×— ×—×™× × ×‘×”×–×× ×•×ª ××¢×œ 38 â‚ª ××• 7.49 â‚ª


×œ×”×–×× ×” ××”×™×¨×” ×œ×—×¦×• ×›××ŸğŸ‘‰ https://s.click.aliexpress.com/e/_oEzzert

××¡×¤×¨ ×¤×¨×™×˜: 1000047
×œ×”×¦×˜×¨×¤×•×ª ×œ×¢×¨×•×¥ ×œ×—×¦×• ×¢×œ×™×™ğŸ‘‰ https://t.me/+LCv-Xuy6z9RjY2I0

ğŸ“¸ https://ae-pic-a1.aliexpress-media.com/kf/S113eb610eb3d49b39484eff19ce2d637u.jpg
",ğŸ‰ ×¤×¨×™×˜ ××•×©×œ× ×‘××—×™×¨ ×œ×•×”×˜ â€“ 304 Stainless steel Lunch box with Tableware for Adults Kids Leakproof Lunch Container Portable Grids Bento Box Food Containers
1005000000000000.0,https://ae-pic-a1.aliexpress-media.com/kf/Sb7c0d6d8f2884c329f5283cae670d454N.jpg,,Genixgreen DIY Twisted Cord Lamp Base Rope Electrical Wire 2 Core 2M 3M E27 EU Plug Plastic Socket Vintage ON OFF Switch Cable,ILS 12.78,ILS 12.61,1%,ILS,8,ILS 1.01,7,ILS 0.88,361,98.7,https://s.click.aliexpress.com/e/_ooQV8OR,,,,,,,1000048,"ğŸ§¼ ×¡×“×¨ ×•××¨×’×•×Ÿ ×›××• ×©×—×œ××ª×!

ğŸ› Genixgreen DIY Twisted Cord Lamp Base Rope Electrical Wire 2 Core 2M 3M E27 EU Plug Plastic Socket Vintage ON OFF Switch Cable

××—×™×¨ ××‘×¦×¢: [ILS 12.61 ×©""×—](https://s.click.aliexpress.com/e/_ooQV8OR) (××—×™×¨ ××§×•×¨×™: ILS 12.78 ×©""×—)
ğŸ’¸ ×—×¡×›×ª×: 1%
â­ ×“×™×¨×•×’: 987%
×”×•×–××Ÿ ×›×‘×¨ 361 ×¤×¢××™×
ğŸšš ××©×œ×•×— ×—×™× × ×‘×”×–×× ×•×ª ××¢×œ 38 â‚ª ××• 7.49 â‚ª


×œ×”×–×× ×” ××”×™×¨×” ×œ×—×¦×• ×›××ŸğŸ‘‰ https://s.click.aliexpress.com/e/_ooQV8OR

××¡×¤×¨ ×¤×¨×™×˜: 1000048
×œ×”×¦×˜×¨×¤×•×ª ×œ×¢×¨×•×¥ ×œ×—×¦×• ×¢×œ×™×™ğŸ‘‰ https://t.me/+LCv-Xuy6z9RjY2I0

ğŸ“¸ https://ae-pic-a1.aliexpress-media.com/kf/Sb7c0d6d8f2884c329f5283cae670d454N.jpg
",ğŸ¯ ××œ ×ª×¤×¡×¤×¡×• ××ª ×–×” â€“ Genixgreen DIY Twisted Cord Lamp Base Rope Electrical Wire 2 Core 2M 3M E27 EU Plug Plastic Socket Vintage ON OFF Switch Cable
1005010000000000.0,https://ae-pic-a1.aliexpress-media.com/kf/S4983d515963546bf9efa100d9d4c4269c.jpg,,Micro Drip Irrigation System Portable 20M Automatic Watering with Adjustable Drippers Misting Watering Kits Garden Hose,ILS 15.49,ILS 15.49,0%,ILS,9,ILS 1.39,9,ILS 1.39,2673,93.5,https://s.click.aliexpress.com/e/_oCyuZCJ,,,,,,,1000049,"ğŸ§° ×’××“×’'×˜ ×©×›×œ ××—×“ ×¦×¨×™×š ×‘×‘×™×ª!

ğŸ› Micro Drip Irrigation System Portable 20M Automatic Watering with Adjustable Drippers Misting Watering Kits Garden Hose

××—×™×¨ ××‘×¦×¢: [ILS 15.49 ×©""×—](https://s.click.aliexpress.com/e/_oCyuZCJ) (××—×™×¨ ××§×•×¨×™: ILS 15.49 ×©""×—)

â­ ×“×™×¨×•×’: 935%
×”×•×–××Ÿ ×›×‘×¨ 2673 ×¤×¢××™×
ğŸšš ××©×œ×•×— ×—×™× × ×‘×”×–×× ×•×ª ××¢×œ 38 â‚ª ××• 7.49 â‚ª


×œ×”×–×× ×” ××”×™×¨×” ×œ×—×¦×• ×›××ŸğŸ‘‰ https://s.click.aliexpress.com/e/_oCyuZCJ

××¡×¤×¨ ×¤×¨×™×˜: 1000049
×œ×”×¦×˜×¨×¤×•×ª ×œ×¢×¨×•×¥ ×œ×—×¦×• ×¢×œ×™×™ğŸ‘‰ https://t.me/+LCv-Xuy6z9RjY2I0

ğŸ“¸ https://ae-pic-a1.aliexpress-media.com/kf/S4983d515963546bf9efa100d9d4c4269c.jpg
",ğŸ‰ ×¤×¨×™×˜ ××•×©×œ× ×‘××—×™×¨ ×œ×•×”×˜ â€“ Micro Drip Irrigation System Portable 20M Automatic Watering with Adjustable Drippers Misting Watering Kits Garden Hose
1005010000000000.0,https://ae-pic-a1.aliexpress-media.com/kf/S6fd1104a1b01480cac74f6800ab60b6f1.jpg,https://video.aliexpress-media.com/play/u/ae_sg_item/2675472700/p/1/e/6/t/10301/1100192851340.mp4,Smart Sunset Lamp Tuya LED Night Ligh USB RGB Smart Life APP Remote Projection For Room Decoration Photography Festival Birth,ILS 95.17,ILS 33.31,65%,ILS,7,ILS 2.33,7,ILS 2.33,1371,91.4,https://s.click.aliexpress.com/e/_oEYFFLl,,,,,,,1000050,"ğŸ’¡ ××™×š ×œ× ×—×©×‘×• ×¢×œ ×–×” ×§×•×“×?

ğŸ› Smart Sunset Lamp Tuya LED Night Ligh USB RGB Smart Life APP Remote Projection For Room Decoration Photography Festival Birth

××—×™×¨ ××‘×¦×¢: [ILS 33.31 ×©""×—](https://s.click.aliexpress.com/e/_oEYFFLl) (××—×™×¨ ××§×•×¨×™: ILS 95.17 ×©""×—)
ğŸ’¸ ×—×¡×›×ª×: 65%
â­ ×“×™×¨×•×’: 914%
×”×•×–××Ÿ ×›×‘×¨ 1371 ×¤×¢××™×
ğŸšš ××©×œ×•×— ×—×™× × ×‘×”×–×× ×•×ª ××¢×œ 38 â‚ª ××• 7.49 â‚ª


×œ×”×–×× ×” ××”×™×¨×” ×œ×—×¦×• ×›××ŸğŸ‘‰ https://s.click.aliexpress.com/e/_oEYFFLl

××¡×¤×¨ ×¤×¨×™×˜: 1000050
×œ×”×¦×˜×¨×¤×•×ª ×œ×¢×¨×•×¥ ×œ×—×¦×• ×¢×œ×™×™ğŸ‘‰ https://t.me/+LCv-Xuy6z9RjY2I0

ğŸ“¸ https://ae-pic-a1.aliexpress-media.com/kf/S6fd1104a1b01480cac74f6800ab60b6f1.jpg
",ğŸ‰ ×¤×¨×™×˜ ××•×©×œ× ×‘××—×™×¨ ×œ×•×”×˜ â€“ Smart Sunset Lamp Tuya LED Night Ligh USB RGB Smart Life APP Remote Projection For Room Decoration Photography Festival Birth
1005010000000000.0,https://ae-pic-a1.aliexpress-media.com/kf/S4cad661647454aa3b6174a3dc6a6c8d1i.jpg,,Men's Sport Slippers Summer Sandals Thick Sole Beach Flip-flops Flats Outdoor Breathable Sneaker Size 40-49 Big Fat,ILS 106.48,ILS 52.17,51%,ILS,7,ILS 3.65,7,ILS 3.65,625,88.7,https://s.click.aliexpress.com/e/_olY24cj,,,,,,,1000051,"ğŸš— ×©×“×¨×•×’ ××•×©×œ× ×œ×¨×›×‘ ×©×œ×š!

ğŸ› Men's Sport Slippers Summer Sandals Thick Sole Beach Flip-flops Flats Outdoor Breathable Sneaker Size 40-49 Big Fat

××—×™×¨ ××‘×¦×¢: [ILS 52.17 ×©""×—](https://s.click.aliexpress.com/e/_olY24cj) (××—×™×¨ ××§×•×¨×™: ILS 106.48 ×©""×—)
ğŸ’¸ ×—×¡×›×ª×: 51%
â­ ×“×™×¨×•×’: 887%
×”×•×–××Ÿ ×›×‘×¨ 625 ×¤×¢××™×
ğŸšš ××©×œ×•×— ×—×™× × ×‘×”×–×× ×•×ª ××¢×œ 38 â‚ª ××• 7.49 â‚ª


×œ×”×–×× ×” ××”×™×¨×” ×œ×—×¦×• ×›××ŸğŸ‘‰ https://s.click.aliexpress.com/e/_olY24cj

××¡×¤×¨ ×¤×¨×™×˜: 1000051
×œ×”×¦×˜×¨×¤×•×ª ×œ×¢×¨×•×¥ ×œ×—×¦×• ×¢×œ×™×™ğŸ‘‰ https://t.me/+LCv-Xuy6z9RjY2I0

ğŸ“¸ https://ae-pic-a1.aliexpress-media.com/kf/S4cad661647454aa3b6174a3dc6a6c8d1i.jpg
",âœ¨ ×”×—×™×“×•×© ×©××ª× ×—×™×™×‘×™× ×‘×‘×™×ª â€“ Men's Sport Slippers Summer Sandals Thick Sole Beach Flip-flops Flats Outdoor Breathable Sneaker Size 40-49 Big Fat
